lat,lon,src,address
42.08179822432278,-89.29702716053161,DB,4232–4528 N Razorville Rd Oregon IL 61010 United States
42.084422572926734,-89.29701911102079,DB,4530–5010 N Razorville Rd Oregon IL 61010 United States
42.087210933660494,-89.30366975378135,DB,1669 E Acorn Rd Byron IL 61010 United States
42.08729424966633,-89.29705856033996,DB,4954 N Razorville Rd Oregon IL 61010 United States
42.08733340994899,-89.30669268573283,DB,1546 E Acorn Rd Byron IL 61010 United States
42.08751023262216,-89.30021743688971,DB,1714–2098 E Acorn Rd Byron IL 61010 United States
42.08768820880972,-89.32305726248741,DB,4745–5299 N River Rd Byron IL 61061 United States
42.08875330290222,-89.3223399417857,DB,4745–5299 N River Rd Byron IL 61061 United States
42.089873112568284,-89.32140670408927,DB,4745–5299 N River Rd Byron IL 61061 United States
42.09023953288591,-89.2970966951677,DB,5012–5288 N Razorville Rd Byron IL 61010 United States
42.09099636229858,-89.32046047150388,DB,4745–5299 N River Rd Byron IL 61061 United States
42.09195662762672,-89.29707186582402,DB,5290–5560 N Razorville Rd Byron IL 61010 United States
42.092114964733064,-89.31952840642904,DB,5301–5363 N River Rd Byron IL 61010 United States
42.092882153760506,-89.31648721288441,DB,800–910 N Devils Ln Byron IL 61010 United States
42.09288797577763,-89.31491496607566,DB,113 E South Park Dr Byron IL 61010 United States
42.09293030457995,-89.3132239888803,DB,124–298 E South Park Dr Byron IL 61010 United States
42.09301406130194,-89.2970889081544,DB,5458 N Razorville Rd Byron IL 61010 United States
42.09304722436896,-89.30890605946176,DB,313 E Oakwood Dr Byron IL 61010 United States
42.093646571128886,-89.30896943596434,DB,313 E Oakwood Dr Byron IL 61010 United States
42.09366832010278,-89.31495900542255,DB,110 E Oakwood Dr Byron IL 61010 United States
42.09370555535171,-89.31340088604036,DB,104–120 E Oakwood Dr Byron IL 61010 United States
42.09417572036092,-89.31639977094198,DB,"601 N Devils Ln, Byron, IL 61010, USA"
42.09427147083122,-89.31492251932022,DB,103 E Hill Crest Dr Byron IL 61010 United States
42.09428895358931,-89.31067093632181,DB,503 N Woodland Dr Byron IL 61010 United States
42.09429620719484,-89.31314932616492,DB,603 N View Crest Dr Byron IL 61010 United States
42.094886242845995,-89.3157754980393,DB,5462 N River Rd Byron IL 61010 United States
42.09498446327887,-89.31065760235586,DB,503 N Woodland Dr Byron IL 61010 United States
42.095074320609726,-89.31321360040984,DB,200–298 E River View Dr Byron IL 61010 United States
42.09509877644279,-89.30909449682318,DB,314 E River View Dr Byron IL 61010 United States
42.09559624427687,-89.31465268394813,DB,5542 N Rock River Dr Byron IL 61061 United States
42.09577990427867,-89.3122767582201,DB,208 E Rockvale Dr Byron IL 61010 United States
42.09578481814219,-89.31063725652837,DB,220 E Rockvale Dr Byron IL 61010 United States
42.095815303749454,-89.29709695071203,DB,5562–6004 N Razorville Rd Byron IL 61010 United States
42.096744995381584,-89.3094301395194,DB,417 E North Park Dr Byron IL 61010 United States
42.09703060647075,-89.31171352097967,DB,100 N Main St Byron IL 61010 United States
42.09768387117856,-89.3032741475173,DB,Palo Verde Dr Byron IL 61010 United States
42.0981367123521,-89.29719973792734,DB,5562–6004 N Razorville Rd Byron IL 61010 United States
42.09886966379347,-89.3087244588661,DB,104 N Terrace Park Dr Byron IL 61010 United States
42.09899552959431,-89.30342376185172,DB,5790 N Cl Myers Dr Byron IL 61010 United States
42.099635973715046,-89.3034976961309,DB,5886 N Cl Myers Dr Byron IL 61010 United States
42.10102174601706,-89.29724701928767,DB,5924 N Razorville Rd Byron IL 61010 United States
42.101369788854576,-89.30380369289279,DB,5956 N Cl Myers Dr Byron IL 61010 United States
42.102176365650415,-89.30503309330503,DB,5700–6098 N Esther Dr Byron IL 61010 United States
42.104073941465685,-89.29757777450781,DB,6120 N Razorville Rd Byron IL 61010 United States
42.106730401749296,-89.29803284623013,DB,6170 N Razorville Rd Byron IL 61010 United States
42.110094371168074,-89.29632022149296,DB,6525 N River Rd Byron IL 61010 United States
42.11036863211655,-89.2869604984124,DB,6596 Friday Rd Byron IL 61010 United States
42.11133977975739,-89.28713447877995,DB,8847 N Kishwaukee Rd Byron IL 61010 United States
42.1123277983571,-89.28712847982686,DB,6730 Friday Rd Byron IL 61010 United States
42.112928883190214,-89.28614551192761,DB,6749 Friday Rd Byron IL 61010 United States
42.113172541676654,-89.28714899008445,DB,6754 Friday Rd Byron IL 61010 United States
42.11430374661078,-89.28721885328576,DB,6860 Friday Rd Byron IL 61010 United States
42.115039803477906,-89.28827740459936,DB,6849 N River Rd Byron IL 61010 United States
42.115224212888364,-89.28718712444532,DB,6596–6898 Friday Rd Byron IL 61010 United States
42.115875642847044,-89.28541325540404,DB,6993 N River Rd Byron IL 61010 United States
42.116193186154824,-89.28410821782994,DB,6993 N River Rd Byron IL 61010 United States
42.11652022808679,-89.2826490307232,DB,7083 N River Rd Byron IL 61010 United States
42.11727233922501,-89.28004910436118,DB,7079–7279 N River Rd Byron IL 61010 United States
42.11780574631588,-89.27841777816633,DB,7281–7295 N River Rd Byron IL 61010 United States
42.117862279324626,-89.2713495940282,DB,7373 N River Rd Byron IL 61010 United States
42.11786910135562,-89.27270964348702,DB,7297–7317 N River Rd Byron IL 61010 United States
42.11790102910983,-89.27477313377612,DB,7297–7317 N River Rd Byron IL 61010 United States
42.11796581711304,-89.27670505362539,DB,7088–7280 N River Rd Byron IL 61010 United States
42.11822319377682,-89.26956201213464,DB,7399–7537 N River Rd Byron IL 61010 United States
42.11884911589684,-89.26780387293157,DB,7399–7537 N River Rd Byron IL 61010 United States
42.11894617530961,-89.259889011411,DB,7943–8049 N River Rd Byron IL 61010 United States
42.119199909864115,-89.26619595457193,DB,7539–7609 N River Rd Byron IL 61010 United States
42.11932812155934,-89.26382407002197,DB,7677–7933 N River Rd Byron IL 61010 United States
42.12242904471991,-89.26541679862947,DB,"803 River Dr, Byron, IL 61010, USA"
42.122440534650664,-89.26547524618724,DB,803 River Dr Byron IL 61010 United States
42.12254341877333,-89.2716624434075,DB,1207 River Dr Byron IL 61010 United States
42.12256570613109,-89.27157840298662,DB,"1207 River Dr, Byron, IL 61010, USA"
42.12257008945751,-89.27260832745468,DB,1221 River Dr Byron IL 61010 United States
42.122577654372186,-89.27266803761131,DB,"1221 River Dr, Byron, IL 61010, USA"
42.12257924652222,-89.2702662325284,DB,"148 S Maple Ave, Byron, IL 61010, USA"
42.12259428784781,-89.27028990415556,DB,148 S Maple Ave Byron IL 61010 United States
42.12269831905585,-89.27525065082159,DB,"169 S Fox Run Ln, Byron, IL 61010, USA"
42.12274635804274,-89.26783883336992,DB,"915 River Dr, Byron, IL 61010, USA"
42.12276341038212,-89.26128657336037,DB,233 S Lafayette St Byron IL 61010 United States
42.122786684897235,-89.26782560806926,DB,915 River Ln Byron IL 61010 United States
42.12291516565535,-89.27444330590811,DB,"196 S Fox Run Ln, Byron, IL 61010, USA"
42.12292305885352,-89.26263638302935,DB,304 S West St Byron IL 61010 United States
42.123026589713085,-89.25868766025819,DB,221 S Washington St Byron IL 61010 United States
42.12305426123864,-89.26806298361541,DB,927 River Ln. Byron IL 61010 United States
42.12307759564681,-89.26804804567308,DB,"931 River Dr, Byron, IL 61010, USA"
42.12336935781272,-89.26544179160683,DB,803 Park Dr Byron IL 61010 United States
42.1234344008269,-89.27486709493246,DB,"155 Deer Wood Ct, Byron, IL 61010, USA"
42.12344075362972,-89.27481912950297,DB,155 Deerwood Ct Byron IL 61010 United States
42.12346685443817,-89.27488238759304,DB,155 Deerwood Ct Byron IL 61010 United States
42.12351516755181,-89.27628247748706,DB,153 S Fox Run Ln Byron IL 61010 United States
42.123690330914435,-89.27013346318216,DB,"127 S Maple Ave, Byron, IL 61010, USA"
42.12372819424854,-89.26836595734066,DB,944 Crest Ct Byron IL 61010 United States
42.123808212806864,-89.26706896909181,DB,924 Crest Ct Byron IL 61010 United States
42.12381197637014,-89.27266597628777,DB,127 Barry Ave Byron IL 61010 United States
42.12382799598487,-89.26838454981453,DB,"944 Crest Ct, Byron, IL 61010, USA"
42.12397124608937,-89.26385554851657,DB,130 S Colfax St Byron IL 61010 United States
42.123981174647966,-89.27141580005633,DB,123 Perene Ave Byron IL 61010 United States
42.12398514561931,-89.27141747044573,DB,"123 Perene Ave, Byron, IL 61010, USA"
42.1240185555121,-89.26551503755579,DB,802 Crest View Trl Byron IL 61010 United States
42.124129663503496,-89.26003100232164,DB,129 S Franklin St. Byron IL 61010 United States
42.12416771903689,-89.25768456097651,DB,205 W Merchant St Byron IL 61010 United States
42.12422664459334,-89.2544137049578,DB,135 E Merchant St Byron IL 61010 United States
42.124299783323444,-89.27602983254042,DB,"138s S Fox Run Ln, Byron, IL 61010, USA"
42.12439203825056,-89.26912274636081,DB,1016 Crest View Trl Byron IL 61010 United States
42.12449543156533,-89.26843014736778,DB,"944 Crest View Trail, Byron, IL 61010, USA"
42.124496379722444,-89.26836784550468,DB,944 Crest View Trl Byron IL 61010 United States
42.124543679064125,-89.26729856010142,DB,924 Crest View Trl Byron IL 61010 United States
42.12466307172824,-89.25762555236616,DB,205 W Merchant St Byron IL 61010 United States
42.12468717820959,-89.25614879982949,DB,201 S Union St Byron IL 61010 United States
42.124934611091795,-89.25121412347592,DB,110 Peru St Byron IL 61010 United States
42.125055627003135,-89.27009369908956,DB,"1088 W Blackhawk Dr, Byron, IL 61010, USA"
42.12512823815364,-89.27161048828748,DB,"102 Perene Ave, Byron, IL 61010, USA"
42.12524461475562,-89.27270080625203,DB,"103 Barry Ave, Byron, IL 61010, USA"
42.12527843355706,-89.26682140409139,DB,"103 N Grant St, Byron, IL 61010, USA"
42.125346071105895,-89.26343243300107,DB,"608 W Blackhawk Dr, Byron, IL 61010, USA"
42.125360991143744,-89.26117133080152,DB,"418 W Blackhawk Dr, Byron, IL 61010, USA"
42.12538088452208,-89.27477549492505,DB,"108 N Fox Run Ln, Byron, IL 61010, USA"
42.125389836540215,-89.25991337477353,DB,"109 N Franklin St, Byron, IL 61010, USA"
42.12541868192357,-89.25859506904271,DB,"201 W Blackhawk Dr, Byron, IL 61010, USA"
42.125574009230355,-89.25259079816908,DB,"303 E Blackhawk Dr, Byron, IL 61010, USA"
42.12560474846207,-89.25122124260896,DB,325 E Blackhawk Dr Byron IL 61010 United States
42.12586130771085,-89.27665170013097,DB,"201 Creekside Dr, Byron, IL 61010, USA"
42.12599996110096,-89.25584037714941,DB,"105 N Union St, Byron, IL 61010, USA"
42.12612395217847,-89.2590596496758,DB,"123 N Franklin St, Byron, IL 61010, USA"
42.126126852052124,-89.27474180842034,DB,"109 N Fox Run Ln, Byron, IL 61010, USA"
42.12629632309824,-89.26550005506381,DB,802 W 2nd St Byron IL 61010 United States
42.12644610954934,-89.26931397557546,DB,907–1099 W 2nd St Byron IL 61010 United States
42.12649326440061,-89.26522915189814,DB,701 W 2nd St Byron IL 61010 United States
42.1264949837105,-89.25833903001921,DB,"232 W 2nd St, Byron, IL 61010, USA"
42.12657952901175,-89.26144502805846,DB,"425 W 2nd St, Byron, IL 61010, USA"
42.1266173256982,-89.26016293214934,DB,"2000 N Franklin St, Byron, IL 61010, USA"
42.12665540735675,-89.27226798183904,DB,"1169 W 2nd St, Byron, IL 61010, USA"
42.126676341594944,-89.2577325601788,DB,"200 N Walnut St, Byron, IL 61010, USA"
42.1267333993073,-89.25589500706633,DB,"209 N Union St, Byron, IL 61010, USA"
42.126756576453545,-89.25427011894362,DB,"201 2nd St, Byron, IL 61010, USA"
42.12676894148566,-89.27613387695601,DB,"213 Creekside Dr, Byron, IL 61010, USA"
42.1268493435634,-89.25104024959592,DB,"203 N Peru St, Byron, IL 61010, USA"
42.12687321505578,-89.24966427637128,DB,"431 2nd St, Byron, IL 61010, USA"
42.12704391921139,-89.27452454949014,DB,"136 N Fox Run Ln, Byron, IL 61010, USA"
42.12730041972929,-89.25272185163516,DB,"N. Market @ Water Tower,  Byron, IL 61010, USA"
42.127322798317415,-89.26530693597542,DB,701 W 2nd St Byron IL 61010 United States
42.12755923194227,-89.2635479680837,DB,252 N Colfax St Byron IL 61010 United States
42.12761300741512,-89.24627228182597,DB,130 Kysor Dr Byron IL 61010 United States
42.127630560991854,-89.26147438917529,DB,426 W 3rd St Byron IL 61010 United States
42.12765953929776,-89.26014417883155,DB,320 W 3rd St Byron IL 61010 United States
42.12774955814865,-89.25755821659283,DB,"138 W 3rd St, Byron, IL 61010, USA"
42.127818624331276,-89.25434861140269,DB,"229 N Chestnut St, Byron, IL 61010, USA"
42.127838177950075,-89.27556793085387,DB,"323 Creekside Dr, Byron, IL 61010, USA"
42.12784150082829,-89.25292435841578,DB,"226 E 3rd St, Byron, IL 61010, USA"
42.12785718042312,-89.26606843602546,DB,101 Blanchard Ct Byron IL 61010 United States
42.12792118795274,-89.27393446350686,DB,"156 N Fox Run Ln, Byron, IL 61010, USA"
42.12792405507493,-89.25595525460261,DB,"103 E 3rd St, Byron, IL 61010, USA"
42.12794570243857,-89.26695222407588,DB,101 Blanchard Ct Byron IL 61010 United States
42.12802296022395,-89.25131845915979,DB,"335 E 3rd St, Byron, IL 61010, USA"
42.12806723321757,-89.24971518995312,DB,"304 N Mineral St, Byron, IL 61010, USA"
42.12827996148062,-89.24669544334421,DB,100–132 Kysor Dr Byron IL 61010 United States
42.12837026610598,-89.24325716557517,DB,134–198 Kysor Dr Byron IL 61010 United States
42.12841370110909,-89.24004966754414,DB,1273 Kysor Dr Byron IL 61010 United States
42.12847459204259,-89.26477693572794,DB,696 N Colfax St Byron IL 61010 United States
42.12847597760813,-89.23724493980622,DB,1503 Kysor Dr Byron IL 61010 United States
42.12888900652241,-89.26027537356663,DB,"328 W 4th St, Byron, IL 61010, USA"
42.1289332563104,-89.27538419953635,DB,"406 Mill Ridge Dr, Byron, IL 61010, USA"
42.128941552195705,-89.25603169755954,DB,"334 N Union St, Byron, IL 61010, USA"
42.128981548498984,-89.26475815290222,DB,696 N Colfax St Byron IL 61010 United States
42.129083928789434,-89.25788942343877,DB,"334 N Union St, Byron, IL 61010, USA"
42.129085623160854,-89.26399559008308,DB,"420 N Colfax St, Byron, IL 61010, USA"
42.12916728066501,-89.254376869221,DB,"205 E 4th St, Byron, IL 61010, USA"
42.12920507580749,-89.253026376982,DB,"239 E 4th St, Byron, IL 61010, USA"
42.12924287092742,-89.25138486506489,DB,"335 E 4th St, Byron, IL 61010, USA"
42.12928663366967,-89.2497648108199,DB,"401 N Mineral St, Byron, IL 61010, USA"
42.12938107567521,-89.23723957538706,DB,1503 Kysor Dr Byron IL 61010 United States
42.12939513106674,-89.27419197857364,DB,"445 Mill Ridge Dr, Byron, IL 61010, USA"
42.12945443136991,-89.27616204015067,DB,"422 4 6 8 Creekside Ct, Byron, IL 61010, USA"
42.129561649741056,-89.24805040458762,DB,"544 All Saints Dr, Byron, IL 61010, USA"
42.12957500734886,-89.2404061923901,DB,1291 Kysor Dr Byron IL 61010 United States
42.129821091188546,-89.23908687689689,DB,1355 Kysor Dr Byron IL 61010 United States
42.13005064421791,-89.26120356493918,DB,415 Ashelford Ct Byron IL 61010 United States
42.13009637663454,-89.24581640110081,DB,602 E Blackhawk Dr Byron IL 61010 United States
42.130124759969526,-89.24417623010714,DB,602 E Blackhawk Dr Byron IL 61010 United States
42.13031022533856,-89.25117427182778,DB,"405 E 5th St, Byron, IL 61010, USA"
42.13032271540985,-89.27545259586623,DB,"503 507 Creekside Dr, Byron, IL 61010, USA"
42.130324088711305,-89.24666621483746,DB,637 Luther Dr Byron IL 61010 United States
42.13035002620348,-89.2560952071986,DB,"103 E 5th St, Byron, IL 61010, USA"
42.13048114593661,-89.24981174947766,DB,"507 N Mineral St, Byron, IL 61010, USA"
42.13048964708378,-89.27420115893017,DB,"509 Mill Ridge Dr, Byron, IL 61010, USA"
42.13050438660943,-89.26427529633811,DB,696 N Colfax St Byron IL 61010 United States
42.1305544547279,-89.27627066961577,DB,"542 4 6 8 Creekside Cir, Byron, IL 61010, USA"
42.13058152201778,-89.23635380679798,DB,"5170 E Ashelford Dr, Byron, IL 61010, USA"
42.130817742628196,-89.26643159471605,DB,696 N Colfax St Byron IL 61010 United States
42.13088499641484,-89.24975751908823,DB,516–528 N Mineral St Byron IL 61010 United States
42.130909763094486,-89.24803690396266,DB,531 Luther Dr Byron IL 61010 United States
42.1313284807965,-89.24649731567449,DB,647 Allison Cir Byron IL 61010 United States
42.131365486596216,-89.25772649375614,DB,"131 N Walnut St, Byron, IL 61010, USA"
42.131565942168244,-89.2759166180258,DB,"1422 Crimson Ridge Ln, Byron, IL 61010, USA"
42.131687749488734,-89.26722299001726,DB,7th St Byron IL 61010 United States
42.13179891341043,-89.26556504688075,DB,7th St Byron IL 61010 United States
42.13185536185607,-89.2742241441374,DB,"1407 Crimson Ridge Ln, Byron, IL 61010, USA"
42.13223463054418,-89.24979507002205,DB,530–548 N Mineral St Byron IL 61010 United States
42.13294187857518,-89.26651337797674,DB,850 N Colfax St Byron IL 61010 United States
42.13308084790821,-89.26406130420395,DB,"718 N Colfax St, Byron, IL 61010, USA"
42.133103651256164,-89.25776391277077,DB,"703 N Walnut St, Byron, IL 61010, USA"
42.1332652654487,-89.25003733038703,DB,4504 E Old State Rd Byron IL 61010 United States
42.133312844729666,-89.26569262185102,DB,850 N Colfax St Byron IL 61010 United States
42.1334437779421,-89.24630140791331,DB,4696 E Old State Rd Byron IL 61010 United States
42.133485234757416,-89.27711009609675,DB,"1434 Southfield Ln, Byron, IL 61010, USA"
42.133486229298896,-89.27519499886012,DB,"1411 Southfield Ln, Byron, IL 61010, USA"
42.13360976170305,-89.26758272294654,DB,850 N Colfax St Byron IL 61010 United States
42.133683541043105,-89.26340013968178,DB,"718 N Colfax St, Byron, IL 61010, USA"
42.13387816947544,-89.2790561017963,DB,"1543 Southfield Ln, Byron, IL 61010, USA"
42.134184708172334,-89.24840401327248,DB,721 Birch St Byron IL 61010 United States
42.13421909239543,-89.2746241334196,DB,"721 Kingsway Ln, Byron, IL 61010, USA"
42.134323373383296,-89.26603288060961,DB,850 N Colfax St Byron IL 61010 United States
42.134470299777554,-89.28384145758076,DB,"1918 Southfield Ln, Byron, IL 61010, USA"
42.13448230101667,-89.28283432094929,DB,"1840 Southfield Ln, Byron, IL 61010, USA"
42.13448971371598,-89.27512257921671,DB,"1436 Kingsway Ct, Byron, IL 61010, USA"
42.1345042351224,-89.28126720859836,DB,"1802 Southfield Ln, Byron, IL 61010, USA"
42.13451522363489,-89.28021138840614,DB,"1638 Southfield Ln, Byron, IL 61010, USA"
42.134570033003754,-89.27675975578495,DB,"736 Belair Dr, Byron, IL 61010, USA"
42.1346027383546,-89.28504562972842,DB,"2008 Southfield Ln, Byron, IL 61010, USA"
42.13465750174511,-89.26781028372348,DB,850 N Colfax St Byron IL 61010 United States
42.13487789229619,-89.24869637411463,DB,774 Birch St Byron IL 61010 United States
42.13493224419117,-89.24711461252663,DB,658 Harvest Dr Byron IL 61010 United States
42.135175001713456,-89.26611912721994,DB,850 N Colfax St Byron IL 61010 United States
42.13522729632257,-89.28587845562754,DB,"2029 Southfield Ln, Byron, IL 61010, USA"
42.135303230542995,-89.27463709938502,DB,"826 Kingsway Ln, Byron, IL 61010, USA"
42.135383878079764,-89.27869802689281,DB,"736 Hampton Dr, Byron, IL 61010, USA"
42.13545724785085,-89.27615395026243,DB,"814 Belair Dr, Byron, IL 61010, USA"
42.13546107147649,-89.26676019868025,DB,850 N Colfax St Byron IL 61010 United States
42.13547275202763,-89.28665838710253,DB,"752 Fieldcrest Dr, Byron, IL 61010, USA"
42.135605044399604,-89.27977574655762,DB,"727 Kristi Dr, Byron, IL 61010, USA"
42.135607642815806,-89.27724024629322,DB,"736 Oxford Dr, Byron, IL 61010, USA"
42.13568529445081,-89.2844672439129,DB,"749 Brookview Dr, Byron, IL 61010, USA"
42.1356974795844,-89.28346238584254,DB,"762 7 Hickory Rd, Byron, IL 61010, USA"
42.13576020514657,-89.28109643446953,DB,"735 Kari Ct, Byron, IL 61010, USA"
42.13580485591337,-89.26446363555618,DB,"N Colfax St, Byron, IL 61010, USA"
42.136074936201105,-89.24680213511273,DB,867 Hillside Dr Byron IL 61010 United States
42.13625362661269,-89.28568935989199,DB,"801 Old Hunter Run, Byron, IL 61010, USA"
42.1363006094484,-89.27529870898684,DB,"853 Belair Dr, Byron, IL 61010, USA"
42.13634655808349,-89.27724561071125,DB,"1523 Westmont Dr, Byron, IL 61010, USA"
42.13662998897379,-89.27848210906711,DB,"802 Hampton Dr, Byron, IL 61010, USA"
42.13665424188238,-89.27983341405144,DB,"802 Kristi Dr, Byron, IL 61010, USA"
42.136759633181505,-89.28708487787674,DB,"836 Fieldcrest Dr, Byron, IL 61010, USA"
42.13683891201893,-89.28448333716699,DB,"837 Brookview Dr, Byron, IL 61010, USA"
42.13684368084331,-89.24877355914025,DB,833 Hillside Dr Byron IL 61010 United States
42.13685426679442,-89.28346640915606,DB,"838 7 Hickory Rd, Byron, IL 61010, USA"
42.136957561138495,-89.28149638364067,DB,"1848 Penny Ln, Byron, IL 61010, USA"
42.13701167102521,-89.27670150430163,DB,"1032 Kingsway Ln, Byron, IL 61010, USA"
42.13735343164795,-89.2856946985595,DB,"2016 Silverthorn Dr, Byron, IL 61010, USA"
42.13737720851648,-89.28624668755958,DB,"2102 Silverthorn Dr, Byron, IL 61010, USA"
42.13774351206814,-89.2654358690349,DB,751–999 N Colfax St Byron IL 61010 United States
42.137744111135106,-89.26606625544258,DB,"4005 E Mill Rd, Byron, IL 61010, USA"
42.13777133819773,-89.2772225858597,DB,"1055 Kingsway Ln, Byron, IL 61010, USA"
42.137774029687805,-89.2798092741703,DB,"835 Kristi Dr, Byron, IL 61010, USA"
42.137802750895105,-89.27595358866876,DB,3159 E Mill Rd Byron IL 61010 United States
42.13782761273804,-89.27480157966222,DB,3221 E Mill Rd Byron IL 61010 United States
42.1378413513625,-89.27395702824032,DB,3221 E Mill Rd Byron IL 61010 United States
42.137876376122826,-89.27207708584496,DB,"8550 Verde Dr, Byron, IL 61010, USA"
42.137877766029625,-89.2680268834711,DB,3503–3599 E Mill Rd Byron IL 61010 United States
42.13789228768169,-89.26986426340767,DB,"3361 E Mill Rd, Byron, IL 61010, USA"
42.137927867942274,-89.28353249407121,DB,"1903 Silverthorn Dr, Byron, IL 61010, USA"
42.1379441504677,-89.28577784703896,DB,"2021 Silverthorn Dr, Byron, IL 61010, USA"
42.13819017624633,-89.28727245365803,DB,"1001 Shadow Wood Dr, Byron, IL 61010, USA"
42.13836801990848,-89.2772038103966,DB,"1102 Glacier Dr, Byron, IL 61010, USA"
42.13904027456705,-89.2776369871525,DB,"1439 Marijon Dr, Byron, IL 61010, USA"
42.13911485859377,-89.27606118935626,DB,"1402 Marijon Dr, Byron, IL 61010, USA"
42.13918713368791,-89.26351215559339,DB,"8590 N Finch Ln, Byron, IL 61010, USA"
42.1393759061329,-89.2859191141556,DB,"1045 Old Hunter Run, Byron, IL 61010, USA"
42.13960757477626,-89.28729330367156,DB,"1101 Shadow Wood Dr, Byron, IL 61010, USA"
42.140206462078645,-89.28611241461562,DB,"1125 Old Hunter Run, Byron, IL 61010, USA"
42.140224658532844,-89.2759793819813,DB,"1209 Joanne Terrace, Byron, IL 61010, USA"
42.14024156393719,-89.2777080656914,DB,"1227 Glacier Dr, Byron, IL 61010, USA"
42.14034697400281,-89.27463693636935,DB,"1302 Marijon Dr, Byron, IL 61010, USA"
42.140666687784986,-89.28738896469577,DB,"1175 Old Hunter Run, Byron, IL 61010, USA"
42.14125090783346,-89.27600486296694,DB,"1241 Joanne Terrace, Byron, IL 61010, USA"
42.1413138963111,-89.2777432882333,DB,"1268 Glacier Dr, Byron, IL 61010, USA"
42.141828721645595,-89.2623811882116,DB,8442 Winnebago Ln Byron IL 61010 United States
42.141836483917054,-89.26031929181896,DB,8420 Winnebago Ln Byron IL 61010 United States
42.141836772763554,-89.2613601218687,DB,8434 Winnebago Ln Byron IL 61010 United States
42.14183996055308,-89.2592501364154,DB,8416 Winnebago Ln Byron IL 61010 United States
42.142401440809444,-89.27566690463107,DB,"1335 Joanne Terrace, Byron, IL 61010, USA"
42.14293455448546,-89.26331350809161,DB,8464 Winnebago Ln Byron IL 61010 United States
42.1436024661814,-89.27504167639825,DB,"1379 Joanne Terrace, Byron, IL 61010, USA"
42.14559969964496,-89.27284512527496,DB,"1514 Warrenton Dr, Byron, IL 61010, USA"
42.145898004319534,-89.27147049315482,DB,"1547 Brentwood Dr, Byron, IL 61010, USA"
42.146127577233536,-89.27310072064813,DB,"1534 Warrenton Dr, Byron, IL 61010, USA"
42.1470533037673,-89.27312620163377,DB,"1582 Warrenton Dr, Byron, IL 61010, USA"
42.147144495760976,-89.27209514782339,DB,"1252 Everett Ln, Byron, IL 61010, USA"
42.14718268705638,-89.27084285624534,DB,"1583 Brentwood Dr, Byron, IL 61010, USA"
42.147849469674696,-89.2711228470555,DB,"1623 Brentwood Dr, Byron, IL 61010, USA"
42.148198473601155,-89.27284214303404,DB,"1682 Warrenton Dr, Byron, IL 61010, USA"
42.148698609776595,-89.2714473943463,DB,"1669 Brentwood Dr, Byron, IL 61010, USA"
42.08695,-89.30368,NEW,"1669 E Acorn Rd, Byron, IL 61010, United States"
42.12936,-89.24812,NEW,"544 All Saints Dr, Byron, IL 61010, United States"
42.1315,-89.24631,NEW,"647 Allison Cir, Byron, IL 61010, United States"
42.129728,-89.2601315,NEW,"415 Ashelford Ct, Byron, IL 61010, United States"
42.12993,-89.25968,NEW,"425 Ashelford Ct, Byron, IL 61010, United States"
42.13145,-89.23665,NEW,"5142 E Ashelford Dr, Byron, IL 61010, United States"
42.13067,-89.23589,NEW,"5170 E Ashelford Dr, Byron, IL 61010, United States"
42.12995,-89.23518,NEW,"5218 E Ashelford Dr, Byron, IL 61010, United States"
42.1335311,-89.2576331,NEW,"8129 N Barker Rd, Byron, IL 61010, United States"
42.1251,-89.27243,NEW,"103 Barry Ave, Byron, IL 61010, United States"
42.1237,-89.2724,NEW,"127 Barry Ave, Byron, IL 61010, United States"
42.1226601,-89.2728449,NEW,"198 Barry Ave, Byron, IL 61010, United States"
42.13366,-89.27677,NEW,"701 Belair Dr, Byron, IL 61010, United States"
42.13454,-89.27704,NEW,"736 Belair Dr, Byron, IL 61010, United States"
42.13543,-89.27644,NEW,"814 Belair Dr, Byron, IL 61010, United States"
42.13605,-89.27513,NEW,"853 Belair Dr, Byron, IL 61010, United States"
42.1260401,-89.2492367,NEW,"500 E Blackhawk Dr, Byron, IL 61010, United States"
42.1282593,-89.2472182,NEW,"602 E Blackhawk Dr, Byron, IL 61010, United States"
42.12517,-89.266,NEW,"W Blackhawk Dr, Byron, IL 61010, United States"
42.12495,-89.26994,NEW,"1088 W Blackhawk Dr, Byron, IL 61010, United States"
42.1252151,-89.2575936,NEW,"200 W Blackhawk Dr, Byron, IL 61010, United States"
42.1251727,-89.2604046,NEW,"400 W Blackhawk Dr, Byron, IL 61010, United States"
42.12762,-89.26725,NEW,"112 Blanchard Ct, Byron, IL 61010, United States"
42.1279877,-89.2665166,NEW,"130 Blanchard Ct, Byron, IL 61010, United States"
42.14001,-89.25855,NEW,"8649 N Bluejay Ln, Byron, IL 61010, United States"
42.1311,-89.23968,NEW,"5009 E Brooke Ct, Byron, IL 61010, United States"
42.13049,-89.23831,NEW,"5081 E Brooke Ct, Byron, IL 61010, United States"
42.13561,-89.28417,NEW,"749 Brookview Dr, Byron, IL 61010, United States"
42.13677,-89.28419,NEW,"837 Brookview Dr, Byron, IL 61010, United States"
42.13849,-89.26407,NEW,"8524 Byron Hills Ct, Byron, IL 61010, United States"
42.14084,-89.26443,NEW,"8605 Byron Hills Dr, Byron, IL 61010, United States"
42.14286,-89.26441,NEW,"8649 Byron Hills Dr, Byron, IL 61010, United States"
42.1268226,-89.2545316,NEW,"200 N Chestnut St, Byron, IL 61010, United States"
42.1292545,-89.2546417,NEW,"400 N Chestnut St, Byron, IL 61010, United States"
42.1246679,-89.2544315,NEW,"200 S Chestnut St, Byron, IL 61010, United States"
42.0958607,-89.3025562,NEW,"5700 N CL Myers Dr, Byron, IL 61010, United States"
42.09877,-89.30415,NEW,"5790 N CL Myers Dr, Byron, IL 61010, United States"
42.0971415,-89.303275,NEW,"5850 N CL Myers Dr, Byron, IL 61010, United States"
42.10083,-89.30426,NEW,"5956 N CL Myers Dr, Byron, IL 61010, United States"
42.12902,-89.264,NEW,"420 N Colfax St, Byron, IL 61010, United States"
42.1303213,-89.2636778,NEW,"425 N Colfax St, Byron, IL 61010, United States"
42.1303213,-89.2636778,NEW,"425 N Colfax St, Byron, IL 61010, United States"
42.1320334,-89.2640249,NEW,"696 N Colfax St, Byron, IL 61010, United States"
42.13363,-89.26332,NEW,"789 N Colfax St, Byron, IL 61010, United States"
42.14463,-89.26196,NEW,"8485 Craig Ct, Byron, IL 61010, United States"
42.1305749,-89.2758487,NEW,"544 Creekside Cir, Byron, IL 61010, United States"
42.12955,-89.27581,NEW,"434 Creekside Ct, Byron, IL 61010, United States"
42.12861,-89.27546,NEW,"Creekside Dr, Byron, IL 61010, United States"
42.12861,-89.27546,NEW,"Creekside Dr, Byron, IL 61010, United States"
42.12711,-89.27647,NEW,"220 Creekside Dr, Byron, IL 61010, United States"
42.12789,-89.2761,NEW,"310 Creekside Dr, Byron, IL 61010, United States"
42.13066,-89.27521,NEW,"523 Creekside Dr, Byron, IL 61010, United States"
42.12367,-89.26719,NEW,"924 Crest Ct, Byron, IL 61010, United States"
42.12364,-89.26829,NEW,"944 Crest Ct, Byron, IL 61010, United States"
42.1239751,-89.2655064,NEW,"800 Crest View Trl, Byron, IL 61010, United States"
42.12439,-89.26731,NEW,"924 Crest View Trl, Byron, IL 61010, United States"
42.1244986,-89.2672558,NEW,"944 Crest View Trl, Byron, IL 61010, United States"
42.13184,-89.2745,NEW,"1405 Crimson Ridge Ln, Byron, IL 61010, United States"
42.12362,-89.27516,NEW,"154 Deerwood Ct, Byron, IL 61010, United States"
42.09173,-89.31396,NEW,"805 N Devils Ln, Byron, IL 61010, United States"
42.14761,-89.27433,NEW,"3142 Everett Ln, Byron, IL 61010, United States"
42.13687,-89.28752,NEW,"850 Fieldcrest Dr, Byron, IL 61010, United States"
42.13996,-89.26313,NEW,"N Finch Ln, Byron, IL 61010, United States"
42.12863,-89.26004,NEW,"328 W 4th St, Byron, IL 61010, United States"
42.12608,-89.27551,NEW,"108 N Fox Run Ln, Byron, IL 61010, United States"
42.12731,-89.27488,NEW,"138 N Fox Run Ln, Byron, IL 61010, United States"
42.12832,-89.27386,NEW,"170 N Fox Run Ln, Byron, IL 61010, United States"
42.1254467,-89.2750502,NEW,"100 S Fox Run Ln, Byron, IL 61010, United States"
42.12426,-89.27572,NEW,"135 S Fox Run Ln, Byron, IL 61010, United States"
42.12365,-89.27599,NEW,"149 S Fox Run Ln, Byron, IL 61010, United States"
42.12293,-89.27502,NEW,"169 S Fox Run Ln, Byron, IL 61010, United States"
42.12318,-89.2744,NEW,"196 S Fox Run Ln, Byron, IL 61010, United States"
42.1266945,-89.2604317,NEW,"200 N Franklin St, Byron, IL 61010, United States"
42.11281,-89.28699,NEW,"N Friday Rd, Byron, IL 61010, United States"
42.11223,-89.28751,NEW,"6730 N Friday Rd, Byron, IL 61010, United States"
42.11305,-89.28753,NEW,"6754 N Friday Rd, Byron, IL 61010, United States"
42.11415,-89.28757,NEW,"6834 N Friday Rd, Byron, IL 61010, United States"
42.12453,-89.25685,NEW,"120 W Front St, Byron, IL 61010, United States"
42.07659,-89.28129,NEW,"4450 N German Church Rd, Byron, IL 61010, United States"
42.12877,-89.24817,NEW,"327 Hamer Ct, Byron, IL 61010, United States"
42.1338581,-89.2788754,NEW,"703 Hampton Dr, Byron, IL 61010, United States"
42.13526,-89.27894,NEW,"732 Hampton Dr, Byron, IL 61010, United States"
42.13683,-89.27827,NEW,"802 Hampton Dr, Byron, IL 61010, United States"
42.13566,-89.28078,NEW,"735 Kari Ct, Byron, IL 61010, United States"
42.13403,-89.27485,NEW,"1404 Kingsway Ct, Byron, IL 61010, United States"
42.13462,-89.27541,NEW,"1436 Kingsway Ct, Byron, IL 61010, United States"
42.1369,-89.27699,NEW,"1032 Kingsway Ln, Byron, IL 61010, United States"
42.13761,-89.27701,NEW,"1055 Kingsway Ln, Byron, IL 61010, United States"
42.13519,-89.27501,NEW,"814 Kingsway Ln, Byron, IL 61010, United States"
42.13612,-89.2799,NEW,"Kristi Dr, Byron, IL 61010, United States"
42.13548,-89.27945,NEW,"721 Kristi Dr, Byron, IL 61010, United States"
42.13762,-89.27948,NEW,"835 Kristi Dr, Byron, IL 61010, United States"
42.128335,-89.2472792,NEW,"1200 Kysor Dr, Byron, IL 61010, United States"
42.12835,-89.2467734,NEW,"1221 Kysor Dr, Byron, IL 61010, United States"
42.12941,-89.24021,NEW,"1255 Kysor Dr, Byron, IL 61010, United States"
42.12862,-89.23996,NEW,"1273 Kysor Dr, Byron, IL 61010, United States"
42.1285101,-89.2398353,NEW,"1509 Kysor Dr, Byron, IL 61010, United States"
42.12642,-89.24639,NEW,"130 Kysor Dr, Byron, IL 61010, United States"
42.1298,-89.23953,NEW,"1360 Kysor Dr, Byron, IL 61010, United States"
42.1285125,-89.239739,NEW,"1513 Kysor Dr, Byron, IL 61010, United States"
42.1266507,-89.2617614,NEW,"200 N Lafayette St, Byron, IL 61010, United States"
42.12263,-89.26106,NEW,"233 S Lafayette St, Byron, IL 61010, United States"
42.13083,-89.24786,NEW,"Luther Dr, Byron, IL 61010, United States"
42.1306186,-89.2470684,NEW,"639 Luther Dr, Byron, IL 61010, United States"
42.125249,-89.2695312,NEW,"100 N Maple Ave, Byron, IL 61010, United States"
42.12372,-89.26986,NEW,"127 S Maple Ave, Byron, IL 61010, United States"
42.1227804,-89.2703333,NEW,"200 S Maple Ave, Byron, IL 61010, United States"
42.13921,-89.27589,NEW,"Marijon Dr, Byron, IL 61010, United States"
42.1404,-89.27429,NEW,"1302 Marijon Dr, Byron, IL 61010, United States"
42.13892,-89.2762,NEW,"1402 Marijon Dr, Byron, IL 61010, United States"
42.1255909,-89.2528715,NEW,"100 N Market St, Byron, IL 61010, United States"
42.1270642,-89.2525664,NEW,"221 N Market St, Byron, IL 61010, United States"
42.1292846,-89.2530217,NEW,"400 N Market St, Byron, IL 61010, United States"
42.1239609,-89.2591044,NEW,"300 W Merchant St, Byron, IL 61010, United States"
42.13796,-89.26949,NEW,"E Mill Rd, Byron, IL 61010, United States"
42.13796,-89.26949,NEW,"E Mill Rd, Byron, IL 61010, United States"
42.1372,-89.28236,NEW,"2793 E Mill Rd, Byron, IL 61010, United States"
42.13722,-89.27455,NEW,"3221 E Mill Rd, Byron, IL 61010, United States"
42.13675,-89.27182,NEW,"3313 E Mill Rd, Byron, IL 61010, United States"
42.13637,-89.27017,NEW,"3361 E Mill Rd, Byron, IL 61010, United States"
42.1381149,-89.2683808,NEW,"3486 E Mill Rd, Byron, IL 61010, United States"
42.13784,-89.26824,NEW,"3499 E Mill Rd, Byron, IL 61010, United States"
42.1381241,-89.2654827,NEW,"3500 E Mill Rd, Byron, IL 61010, United States"
42.12924,-89.2739,NEW,"427 Mill Ridge Dr, Byron, IL 61010, United States"
42.13063,-89.27393,NEW,"523 Mill Ridge Dr, Byron, IL 61010, United States"
42.129365,-89.2497807,NEW,"400 N Mineral St, Byron, IL 61010, United States"
42.1305704,-89.2497749,NEW,"500 N Mineral St, Byron, IL 61010, United States"
42.14096,-89.26167,NEW,"3866 E Mockingbird Ln, Byron, IL 61010, United States"
42.14098,-89.26005,NEW,"3954 E Mockingbird Ln, Byron, IL 61010, United States"
42.13618,-89.28215,NEW,"741 Oaks Ln, Byron, IL 61010, United States"
42.09367,-89.31248,NEW,"E Oakwood Dr, Byron, IL 61010, United States"
42.13951,-89.28565,NEW,"1055 Old Hunter Run, Byron, IL 61010, United States"
42.14028,-89.28569,NEW,"1125 Old Hunter Run, Byron, IL 61010, United States"
42.14084,-89.28721,NEW,"1175 Old Hunter Run, Byron, IL 61010, United States"
42.13637,-89.28539,NEW,"813 Old Hunter Run, Byron, IL 61010, United States"
42.1354,-89.27704,NEW,"739 Oxford Dr, Byron, IL 61010, United States"
42.09281,-89.30929,NEW,"311 E South Park Dr, Byron, IL 61010, United States"
42.12352,-89.26562,NEW,"803 Park Dr, Byron, IL 61010, United States"
42.13704,-89.2817,NEW,"1848 Penny Ln, Byron, IL 61010, United States"
42.1250987,-89.2716315,NEW,"100 Perene Ave, Byron, IL 61010, United States"
42.12387,-89.27111,NEW,"123 Perene Ave, Byron, IL 61010, United States"
42.122659,-89.2716119,NEW,"198 Perene Ave, Byron, IL 61010, United States"
42.1269388,-89.2508996,NEW,"203 N Peru St, Byron, IL 61010, United States"
42.1293206,-89.2513914,NEW,"400 N Peru St, Byron, IL 61010, United States"
42.1302217,-89.2514404,NEW,"498 N Peru St, Byron, IL 61010, United States"
42.1253683,-89.2512403,NEW,"100 S Peru St, Byron, IL 61010, United States"
42.09059,-89.29694,NEW,"N Razorville Rd, Byron, IL 61010, United States"
42.08748,-89.29678,NEW,"4629 N Razorville Rd, Byron, IL 61010, United States"
42.0879289,-89.2971033,NEW,"4800 N Razorville Rd, Byron, IL 61010, United States"
42.0887363,-89.2971064,NEW,"5200 N Razorville Rd, Byron, IL 61010, United States"
42.0889382,-89.2971072,NEW,"5300 N Razorville Rd, Byron, IL 61010, United States"
42.08927,-89.297,NEW,"5458 N Razorville Rd, Byron, IL 61010, United States"
42.0893684,-89.2971088,NEW,"5600 N Razorville Rd, Byron, IL 61010, United States"
42.09732,-89.29606,NEW,"5749 N Razorville Rd, Byron, IL 61010, United States"
42.10094,-89.29957,NEW,"5924 N Razorville Rd, Byron, IL 61010, United States"
42.10341,-89.29888,NEW,"6120 N Razorville Rd, Byron, IL 61010, United States"
42.10607,-89.29848,NEW,"6170 N Razorville Rd, Byron, IL 61010, United States"
42.12259,-89.26558,NEW,"803 River Dr, Byron, IL 61010, United States"
42.12291,-89.26759,NEW,"915 River Dr, Byron, IL 61010, United States"
42.12336,-89.26815,NEW,"927 River Ln, Byron, IL 61010, United States"
42.0940002,-89.3165634,NEW,"5393 N River Rd, Byron, IL 61010, United States"
42.0986127,-89.3093124,NEW,"6021 N River Rd, Byron, IL 61010, United States"
42.10544,-89.29978,NEW,"6387 N River Rd, Byron, IL 61010, United States"
42.10873,-89.29608,NEW,"6501 N River Rd, Byron, IL 61010, United States"
42.11393,-89.28836,NEW,"6849 N River Rd, Byron, IL 61010, United States"
42.1160923,-89.2842763,NEW,"6965 N River Rd, Byron, IL 61010, United States"
42.1162128,-89.2837862,NEW,"7015 N River Rd, Byron, IL 61010, United States"
42.1171124,-89.2803218,NEW,"7075 N River Rd, Byron, IL 61010, United States"
42.11692,-89.28045,NEW,"7083 N River Rd, Byron, IL 61010, United States"
42.1177997,-89.2729042,NEW,"7171 N River Rd, Byron, IL 61010, United States"
42.11853,-89.27656,NEW,"7184 N River Rd, Byron, IL 61010, United States"
42.1177851,-89.2718409,NEW,"7283 N River Rd, Byron, IL 61010, United States"
42.1177985,-89.2715079,NEW,"7327 N River Rd, Byron, IL 61010, United States"
42.1178233,-89.2711861,NEW,"7371 N River Rd, Byron, IL 61010, United States"
42.1181359,-89.2697671,NEW,"7413 N River Rd, Byron, IL 61010, United States"
42.1187914,-89.2676984,NEW,"7499 N River Rd, Byron, IL 61010, United States"
42.1191646,-89.2661091,NEW,"7563 N River Rd, Byron, IL 61010, United States"
42.1190792,-89.2620457,NEW,"7705 N River Rd, Byron, IL 61010, United States"
42.1189163,-89.260497,NEW,"7863 N River Rd, Byron, IL 61010, United States"
42.1188769,-89.2601081,NEW,"7975 N River Rd, Byron, IL 61010, United States"
42.09575,-89.31084,NEW,"E Rockvale Dr, Byron, IL 61010, United States"
42.11802,-89.25362,NEW,"7157 CR-2, Byron, IL 61010, United States"
42.13106,-89.24009,NEW,"8035 N Ryan Cir, Byron, IL 61010, United States"
42.1268879,-89.2519676,NEW,"431 E 2nd St, Byron, IL 61010, United States"
42.1262487,-89.267782,NEW,"1014 W 2nd St, Byron, IL 61010, United States"
42.12671,-89.2727,NEW,"1165 W 2nd St, Byron, IL 61010, United States"
42.12671,-89.2727,NEW,"1177 W 2nd St, Byron, IL 61010, United States"
42.12602,-89.27305,NEW,"1182 W 2nd St, Byron, IL 61010, United States"
42.1264847,-89.2577961,NEW,"200 W 2nd St, Byron, IL 61010, United States"
42.1263,-89.25848,NEW,"232 W 2nd St, Byron, IL 61010, United States"
42.1265524,-89.2662752,NEW,"733 W 2nd St, Byron, IL 61010, United States"
42.12616,-89.26572,NEW,"802 W 2nd St, Byron, IL 61010, United States"
42.12605,-89.26661,NEW,"830 W 2nd St, Byron, IL 61010, United States"
42.1262651,-89.2671068,NEW,"932 W 2nd St, Byron, IL 61010, United States"
42.13581,-89.2837,NEW,"762 Seven Hickory Rd, Byron, IL 61010, United States"
42.13677,-89.28371,NEW,"838 Seven Hickory Rd, Byron, IL 61010, United States"
42.1383,-89.28694,NEW,"1001 Shadow Wood Dr, Byron, IL 61010, United States"
42.13879,-89.28694,NEW,"1027 Shadow Wood Dr, Byron, IL 61010, United States"
42.13951,-89.28696,NEW,"1057 Shadow Wood Dr, Byron, IL 61010, United States"
42.13721,-89.28606,NEW,"2102 Silverthorn Dr, Byron, IL 61010, United States"
42.13721,-89.28516,NEW,"2010 Silverthorn Dr, Byron, IL 61010, United States"
42.13721,-89.28546,NEW,"2016 Silverthorn Dr, Byron, IL 61010, United States"
42.13161,-89.25751,NEW,"131 W 6th St, Byron, IL 61010, United States"
42.13366,-89.27537,NEW,"1411 Southfield Ln, Byron, IL 61010, United States"
42.13392,-89.27867,NEW,"1543 Southfield Ln, Byron, IL 61010, United States"
42.13463,-89.27983,NEW,"1637 Southfield Ln, Byron, IL 61010, United States"
42.13424,-89.28137,NEW,"1802 Southfield Ln, Byron, IL 61010, United States"
42.13423,-89.28287,NEW,"1850 Southfield Ln, Byron, IL 61010, United States"
42.13422,-89.28394,NEW,"1918 Southfield Ln, Byron, IL 61010, United States"
42.13446,-89.28526,NEW,"2012 Southfield Ln, Byron, IL 61010, United States"
42.13533,-89.28553,NEW,"2029 Southfield Ln, Byron, IL 61010, United States"
42.13513,-89.28688,NEW,"2118 Southfield Ln, Byron, IL 61010, United States"
42.1415,-89.26731,NEW,"8629 Sunset Ct, Byron, IL 61010, United States"
42.1435088,-89.2679951,NEW,"8697 Sunset Dr, Byron, IL 61010, United States"
42.12794,-89.25279,NEW,"E 3rd St, Byron, IL 61010, United States"
42.1277651,-89.2542061,NEW,"200 E 3rd St, Byron, IL 61010, United States"
42.1278051,-89.25279,NEW,"300 E 3rd St, Byron, IL 61010, United States"
42.1278452,-89.250945,NEW,"400 E 3rd St, Byron, IL 61010, United States"
42.1277145,-89.2562318,NEW,"100 W 3rd St, Byron, IL 61010, United States"
42.1276447,-89.2591859,NEW,"300 W 3rd St, Byron, IL 61010, United States"
42.14645,-89.27453,NEW,"9088 N Tower Rd, Byron, IL 61010, United States"
42.14855,-89.27328,NEW,"9227 N Tower Rd, Byron, IL 61010, United States"
42.1254963,-89.2560609,NEW,"100 N Union St, Byron, IL 61010, United States"
42.1256674,-89.2557104,NEW,"115 N Union St, Byron, IL 61010, United States"
42.127979,-89.2562113,NEW,"300 N Union St, Byron, IL 61010, United States"
42.1289096,-89.25627,NEW,"398 N Union St, Byron, IL 61010, United States"
42.13141,-89.25448,NEW,"500 N Union St, Byron, IL 61010, United States"
42.13897,-89.26772,NEW,"8540 Valley View Dr, Byron, IL 61010, United States"
42.13898,-89.26607,NEW,"8564 Valley View Dr, Byron, IL 61010, United States"
42.13941,-89.26666,NEW,"8573 Verde Ct, Byron, IL 61010, United States"
42.13975,-89.27099,NEW,"8578 Verde Dr, Byron, IL 61010, United States"
42.14117,-89.26681,NEW,"8604 Verde Dr, Byron, IL 61010, United States"
42.14262,-89.2667,NEW,"8648 Verde Dr, Byron, IL 61010, United States"
42.1288789,-89.2575076,NEW,"399 N Walnut St, Byron, IL 61010, United States"
42.1239822,-89.2576405,NEW,"200 S Walnut St, Byron, IL 61010, United States"
42.12729,-89.25859,NEW,"221 N Washington St, Byron, IL 61010, United States"
42.1279108,-89.2591714,NEW,"300 N Washington St, Byron, IL 61010, United States"
42.14834,-89.27434,NEW,"3095 E Water Rd, Byron, IL 61010, United States"
42.1433243,-89.2626363,NEW,"8459 Wendy Ct, Byron, IL 61010, United States"
42.1238355,-89.26287,NEW,"200 S West St, Byron, IL 61010, United States"
42.13646,-89.27693,NEW,"1519 Westmont Dr, Byron, IL 61010, United States"
42.1388,-89.26345,NEW,"3775 E Whippoorwill Ln, Byron, IL 61010, United States"
42.13895,-89.26162,NEW,"3867 E Whippoorwill Ln, Byron, IL 61010, United States"
42.13896,-89.25999,NEW,"3955 E Whippoorwill Ln, Byron, IL 61010, United States"
42.1418387,-89.2589196,NEW,"8412 Winnebago Ln, Byron, IL 61010, United States"
42.14156,-89.25943,NEW,"8416 Winnebago Ln, Byron, IL 61010, United States"
42.14155,-89.26017,NEW,"8420 Winnebago Ln, Byron, IL 61010, United States"
42.14154,-89.26155,NEW,"8434 Winnebago Ln, Byron, IL 61010, United States"
42.14153,-89.26211,NEW,"8438 Winnebago Ln, Byron, IL 61010, United States"
42.1429,-89.2637,NEW,"8464 Winnebago Ln, Byron, IL 61010, United States"
42.1418089,-89.2626067,NEW,"8468 Winnebago Ln, Byron, IL 61010, United States"
42.1434721,-89.2630451,NEW,"8495 Winnebago Ln, Byron, IL 61010, United States"
42.1442666,-89.2630451,NEW,"8625 Winnebago Ln, Byron, IL 61010, United States"
42.14466,-89.26292,NEW,"8635 Winnebago Ln, Byron, IL 61010, United States"
42.14478,-89.26292,NEW,"8689 Winnebago Ln, Byron, IL 61010, United States"
42.08785,-89.30631,NEW,"1546 E Acorn Rd, Byron, IL 61010, United States"
42.0892,-89.30215,NEW,"1780 E Acorn Rd, Byron, IL 61010, United States"
42.13417,-89.24856,NEW,"Birch St, Byron, IL 61010, United States"
42.13409,-89.24809,NEW,"721 Birch St, Byron, IL 61010, United States"
42.09503,-89.31347,NEW,"N Blackhawk Dr, Byron, IL 61010, United States"
42.14561,-89.27077,NEW,"1551 Brentwood Dr, Byron, IL 61010, United States"
42.14805,-89.27087,NEW,"1637 Brentwood Dr, Byron, IL 61010, United States"
42.14857,-89.27109,NEW,"1669 Brentwood Dr, Byron, IL 61010, United States"
42.13171,-89.26388,NEW,"N Colfax St, Byron, IL 61010, United States"
42.1320334,-89.2640249,NEW,"696 N Colfax St, Byron, IL 61010, United States"
42.1320334,-89.2640249,NEW,"696 N Colfax St, Byron, IL 61010, United States"
42.1320334,-89.2640249,NEW,"696 N Colfax St, Byron, IL 61010, United States"
42.1320334,-89.2640249,NEW,"696 N Colfax St, Byron, IL 61010, United States"
42.13513,-89.26665,NEW,"850 N Colfax St, Byron, IL 61010, United States"
42.13513,-89.26665,NEW,"850 N Colfax St, Byron, IL 61010, United States"
42.13513,-89.26665,NEW,"850 N Colfax St, Byron, IL 61010, United States"
42.13513,-89.26665,NEW,"850 N Colfax St, Byron, IL 61010, United States"
42.13513,-89.26665,NEW,"850 N Colfax St, Byron, IL 61010, United States"
42.13513,-89.26665,NEW,"850 N Colfax St, Byron, IL 61010, United States"
42.13513,-89.26665,NEW,"850 N Colfax St, Byron, IL 61010, United States"
42.13513,-89.26665,NEW,"850 N Colfax St, Byron, IL 61010, United States"
42.13513,-89.26665,NEW,"850 N Colfax St, Byron, IL 61010, United States"
42.12358,-89.26351,NEW,"207 S Colfax St, Byron, IL 61010, United States"
42.12284,-89.26348,NEW,"225 S Colfax St, Byron, IL 61010, United States"
42.12426,-89.26886,NEW,"1008 Crest View Trl, Byron, IL 61010, United States"
42.08888,-89.31518,NEW,"903 N Devils Ln, Byron, IL 61010, United States"
42.14717,-89.27402,NEW,"Everett Ln, Byron, IL 61010, United States"
42.14694,-89.27165,NEW,"1244 Everett Ln, Byron, IL 61010, United States"
42.12758,-89.26029,NEW,"N Franklin St, Byron, IL 61010, United States"
42.11044,-89.28742,NEW,"6596 N Friday Rd, Byron, IL 61010, United States"
42.11114,-89.28747,NEW,"6640 N Friday Rd, Byron, IL 61010, United States"
42.11307,-89.2865,NEW,"6749 N Friday Rd, Byron, IL 61010, United States"
42.13859,-89.2778,NEW,"1120 Glacier Dr, Byron, IL 61010, United States"
42.14037,-89.27734,NEW,"1227 Glacier Dr, Byron, IL 61010, United States"
42.14217,-89.27736,NEW,"1321 Glacier Dr, Byron, IL 61010, United States"
42.14293,-89.27679,NEW,"1339 Glacier Dr, Byron, IL 61010, United States"
42.14327,-89.27628,NEW,"1351 Glacier Dr, Byron, IL 61010, United States"
42.12578,-89.26691,NEW,"Grant St, Byron, IL 61010, United States"
42.13448,-89.24635,NEW,"672 Harvest Dr, Byron, IL 61010, United States"
42.09413,-89.31471,NEW,"103 E Hill Crest Dr, Byron, IL 61010, United States"
42.09415,-89.31272,NEW,"205 E Hill Crest Dr, Byron, IL 61010, United States"
42.13714,-89.24864,NEW,"833 Hillside Dr, Byron, IL 61010, United States"
42.13631,-89.24624,NEW,"867 Hillside Dr, Byron, IL 61010, United States"
42.14302,-89.27518,NEW,"Joanne Ter, Byron, IL 61010, United States"
42.14008,-89.27568,NEW,"1209 Joanne Ter, Byron, IL 61010, United States"
42.14137,-89.27564,NEW,"1249 Joanne Ter, Byron, IL 61010, United States"
42.14224,-89.27529,NEW,"1335 Joanne Ter, Byron, IL 61010, United States"
42.14426,-89.27448,NEW,"1413 Joanne Ter, Byron, IL 61010, United States"
42.14608,-89.27452,NEW,"1535 Joanne Ter, Byron, IL 61010, United States"
42.13757,-89.27605,NEW,"3159 E Mill Rd, Byron, IL 61010, United States"
42.13702,-89.27299,NEW,"3271 E Mill Rd, Byron, IL 61010, United States"
42.12972,-89.24962,NEW,"N Mineral St, Byron, IL 61010, United States"
42.12972,-89.24962,NEW,"N Mineral St, Byron, IL 61010, United States"
42.1325,-89.24922,NEW,"645 N Mineral St, Byron, IL 61010, United States"
42.09702,-89.30892,NEW,"402 E North Park Dr, Byron, IL 61010, United States"
42.09382,-89.31481,NEW,"110 E Oakwood Dr, Byron, IL 61010, United States"
42.09335,-89.30929,NEW,"313 E Oakwood Dr, Byron, IL 61010, United States"
42.13339,-89.24724,NEW,"E Old State Rd, Byron, IL 61010, United States"
42.13371,-89.24742,NEW,"4624 E Old State Rd, Byron, IL 61010, United States"
42.13375,-89.24644,NEW,"4696 E Old State Rd, Byron, IL 61010, United States"
42.1027,-89.29919,NEW,"6056 N Razorville Rd, Byron, IL 61010, United States"
42.11466,-89.28961,NEW,"N River Rd, Byron, IL 61010, United States"
42.11466,-89.28961,NEW,"N River Rd, Byron, IL 61010, United States"
42.11466,-89.28961,NEW,"N River Rd, Byron, IL 61010, United States"
42.11466,-89.28961,NEW,"N River Rd, Byron, IL 61010, United States"
42.093415,-89.3181686,NEW,"5300 N River Rd, Byron, IL 61010, United States"
42.093415,-89.3181686,NEW,"5300 N River Rd, Byron, IL 61010, United States"
42.09544,-89.3157,NEW,"5478 N River Rd, Byron, IL 61010, United States"
42.09633,-89.3139,NEW,"5590 N River Rd, Byron, IL 61010, United States"
42.09506,-89.31117,NEW,"E River View Dr, Byron, IL 61010, United States"
42.09526,-89.30913,NEW,"314 Riverview Dr, Byron, IL 61010, United States"
42.16707,-89.24701,NEW,"Short Ln, Byron, IL 61010, United States"
42.09274,-89.31488,NEW,"115 E South Park Dr, Byron, IL 61010, United States"
42.09277,-89.31282,NEW,"207 E South Park Dr, Byron, IL 61010, United States"
42.09872,-89.30878,NEW,"104 N Terrace Park Dr, Byron, IL 61010, United States"
42.12777,-89.25993,NEW,"W 3rd St, Byron, IL 61010, United States"
42.12734,-89.26325,NEW,"540 W 3rd St, Byron, IL 61010, United States"
42.14829,-89.27304,NEW,"1664 Warrenton Ct, Byron, IL 61010, United States"
42.14622,-89.27301,NEW,"Warrenton Dr, Byron, IL 61010, United States"
42.14622,-89.27301,NEW,"Warrenton Dr, Byron, IL 61010, United States"
42.14623,-89.27341,NEW,"1548 Warrenton Dr, Byron, IL 61010, United States"
42.14006,-89.26427,NEW,"E Woodland Dr, Byron, IL 61010, United States"
42.14006,-89.26427,NEW,"E Woodland Dr, Byron, IL 61010, United States"
