Polygon,Name,Street Address,Street Address2,City,State,Zip code,Roof Area (Sq. Ft),Occupancy Type,Construction Type,Roof Type,Roof Construction,Roof Material,Normal Population,Sprinklered,Stand Pipe,Fire Alarm,Hours of Operation,Owner Contact,Owner Phone,Notes,Storey Above,Storey Below
,Community Center for the Arts (C4A),103 N Race ST,,Urbana,IL,61801,,,,,,,,,,,,,,"NOMATCH,912108453010A",,
,"Urbana, School Dist #116",131 N Race ST,,Urbana,IL,61801,,,,,,,,,,,,,,"NOMATCH,912108453002",,
,Stratford Residence,202 N Race ST,,Urbana,IL,61801,,,,,,,,,,,,,,"NOMATCH,912108457022A",,
,Masijta Grill,202 N Race ST,,Urbana,IL,61801,,,,,,,,,,,,,,"NOMATCH,912108457022,FPP,LIQ",,
,"Urbana, School Dist #116",301 N Race ST,,Urbana,IL,61801,,,,,,,,,,,,,,"NOMATCH,912108452005",,
,C-U Adventures in Time & Space,110 S Race ST,10,Urbana,IL,61801,,,,,,,,,,,,,,"NOMATCH,922117206001A",,
,"Brown, Hobbs & McMurray",118 S Race ST,,Urbana,IL,61801,,,,,,,,,,,,,,"NOMATCH,922117206025",,
,Iron Post,120 S Race ST,,Urbana,IL,61801,,,,,,,,,,,,,,"NOMATCH,922117206028,FPP,LIQ",,
,Urbana Landmark Hotel,210 S Race ST,,Urbana,IL,61801,,,,,,,,,,,,,,"NOMATCH,922117212014,FPP",,
,Kirby Properties,401 S Race ST,,Urbana,IL,61801,,,,,,,,,,,,,,"NOMATCH,922117213004",,
,"Spencer, Robert",501 S Race ST,,Urbana,IL,61801,,,,,,,,,,,,,,"NOMATCH,922117251005",,
,"Weisskopf, Jonah V.",505 S Race ST,,Urbana,IL,61801,,,,,,,,,,,,,,"NOMATCH,922117251007",,
,McClintock Properties,604 S Race ST,,Urbana,IL,61801,,,,,,,,,,,,,,"NOMATCH,922117256006",,
,McClintock Properties,606 S Race ST,,Urbana,IL,61801,,,,,,,,,,,,,,"NOMATCH,932117327005",,
,Delmont Village,1502 S Race ST,,Urbana,IL,61801,,,,,,,,,,,,,,"NOMATCH,932117453134",,
,Delmont VIllage,1506 S Race ST,,Urbana,IL,61801,,,,,,,,,,,,,,"NOMATCH,932117453124",,
,Delmont Village,1510 S Race ST,,Urbana,IL,61801,,,,,,,,,,,,,,"NOMATCH,932117453110",,
,Vet Med Research Service Bldg and Lab,2600 S Race ST,,Urbana,IL,61801,,,,,,,,,,,,,,"NOMATCH,UIUC001010,URU",,
,Vet Med Research Farm Office/Shop,2700 S Race ST,,Urbana,IL,61801,,,,,,,,,,,,,,"NOMATCH,UIUC000963,URU",,
,Clark Lindsey Greenhouse,2802 S Race ST,,Urbana,IL,61801,,,,,,,,,,,,,,"NOMATCH,932129201002R,FPP",,
,Clark Lindsey Greenhouse,2804 S Race ST,,Urbana,IL,61801,,,,,,,,,,,,,,"NOMATCH,932129201002Q,FPP",,
,Machine storage building, S Race ST,,Urbana,IL,61801,,,,,,,,,,,,,,"NOMATCH,UIUC000854,CCU",,
,Implement shed, S Race ST,,Urbana,IL,61801,,,,,,,,,,,,,,"NOMATCH,UIUC000947,CCU",,
,Forest science garage, S Race ST,,Urbana,IL,61801,,,,,,,,,,,,,,"NOMATCH,UIUC000948,CCU",,
,Agriculture Engineering Implement Shed, S Race ST,,Urbana,IL,61801,,,,,,,,,,,,,,"NOMATCH,UIUC000949,CCU",,
,Agriculture engineer storage, S Race ST,,Urbana,IL,61801,,,,,,,,,,,,,,"NOMATCH,UIUC000950,CCU",,
,Forest science implement shed, S Race ST,,Urbana,IL,61801,,,,,,,,,,,,,,"NOMATCH,UIUC000951,CCU",,
,downes annex, S Race ST,,Urbana,IL,61801,,,,,,,,,,,,,,"NOMATCH,UIUC000953,CCU",,
,Vet Med Research Lab Building, S Race ST,,Urbana,IL,61801,,,,,,,,,,,,,,"NOMATCH,UIUC000955,CCU",,
,Vet Med Reasearch Farm East Lab Bldg, S Race ST,,Urbana,IL,61801,,,,,,,,,,,,,,"NOMATCH,UIUC000956,CCU",,
,Corn Crib, S Race ST,,Urbana,IL,61801,,,,,,,,,,,,,,"NOMATCH,UIUC000968,CCU",,
,Agriculture eng.research#1, S Race ST,,Urbana,IL,61801,,,,,,,,,,,,,,"NOMATCH,UIUC000970,CCU",,
,Structures physiology lab, S Race ST,,Urbana,IL,61801,,,,,,,,,,,,,,"NOMATCH,UIUC000971,CCU",,
,Vet Research Farm - Horse Shelter, S Race ST,,Urbana,IL,61801,,,,,,,,,,,,,,"NOMATCH,UIUC000973,CCU",,
,Usda soybean lab, S Race ST,,Urbana,IL,61801,,,,,,,,,,,,,,"NOMATCH,UIUC000974,CCU",,
,Agriculture eng.research #2, S Race ST,,Urbana,IL,61801,,,,,,,,,,,,,,"NOMATCH,UIUC000980,CCU",,
,Vegitable research farm garage, S Race ST,,Urbana,IL,61801,,,,,,,,,,,,,,"NOMATCH,UIUC000981,CCU",,
,Agriculture eng .farm soybean damage lab, S Race ST,,Urbana,IL,61801,,,,,,,,,,,,,,"NOMATCH,UIUC000990,CCU",,
,Pomology and toxicology lab, S Race ST,,Urbana,IL,61801,,,,,,,,,,,,,,"NOMATCH,UIUC000993,CCU",,
,Dog housing unit, S Race ST,,Urbana,IL,61801,,,,,,,,,,,,,,"NOMATCH,UIUC001005,CCU",,
,Modular infectious desease bldg#1, S Race ST,,Urbana,IL,61801,,,,,,,,,,,,,,"NOMATCH,UIUC001042,CCU",,
,Modular infectious disease bldg.#2, S Race ST,,Urbana,IL,61801,,,,,,,,,,,,,,"NOMATCH,UIUC001043,CCU",,
,Building Research Council Building,1 E Saint Mary's RD,,Urbana,IL,61801,,,,,,,,,,,,,,"NOMATCH,UIUC000306,CNU",,
,Equine Research Barn,517 E Saint Mary's RD,,Urbana,IL,61801,,,,,,,,,,,,,,"NOMATCH,UIUC000836,CNU",,
,Animal husbandry sheep metabolism bldg, E Saint Mary's RD,,Urbana,IL,61801,,,,,,,,,,,,,,"NOMATCH,UIUC000809,CNU",,
,Confinement beef unit, E Saint Mary's RD,,Urbana,IL,61801,,,,,,,,,,,,,,"NOMATCH,UIUC000826,CNU",,
,Animal science isolation unit, E Saint Mary's RD,,Urbana,IL,61801,,,,,,,,,,,,,,"NOMATCH,UIUC000834,CNU",,
,Waste Transfer & Material Recovery,10 W Saint Mary's RD,,Urbana,IL,61801,,,,,,,,,,,,,,"NOMATCH,UIUC000270,CNU",,
,Calf barn,300 W Saint Mary's RD,,Urbana,IL,61801,,,,,,,,,,,,,,"NOMATCH,UIUC000819,CNU",,
,Animal husbandry cattle feeding plant,300 W Saint Mary's RD,,Urbana,IL,61801,,,,,,,,,,,,,,"NOMATCH,UIUC000820,CNU",,
,Scale house,300 W Saint Mary's RD,,Urbana,IL,61801,,,,,,,,,,,,,,"NOMATCH,UIUC000821,CNU",,
,Garage,300 W Saint Mary's RD,,Urbana,IL,61801,,,,,,,,,,,,,,"NOMATCH,UIUC000822,CNU",,
,pole frame horse barn,300 W Saint Mary's RD,,Urbana,IL,61801,,,,,,,,,,,,,,"NOMATCH,UIUC000829,CNU",,
,Swine progeny test facility,500 W Saint Mary's RD,,Urbana,IL,61801,,,,,,,,,,,,,,"NOMATCH,UIUC000835,CNU",,
,Animal research barn-physiology research,500 W Saint Mary's RD,,Urbana,IL,61801,,,,,,,,,,,,,,"NOMATCH,UIUC000888,CNU",,
,Play Field Service Building,1002 W Saint Mary's RD,,Urbana,IL,61801,,,,,,,,,,,,,,"NOMATCH,UIUC000303,URU",,
,Vet Med Boiler Plant,1009 W Saint Mary's RD,,Urbana,IL,61801,,,,,,,,,,,,,,"NOMATCH,UIUC000352,URU",,
,Atkins Tennis Center,1410 W Saint Mary's RD,,Urbana,IL,61801,,,,,,,,,,,,,,"NOMATCH,UIUC000360,URU",,
,Indoor Golf Practice Facility,1415 W Saint Mary's RD,,Urbana,IL,61801,,,,,,,,,,,,,,"NOMATCH,UIUC001187,URU",,
,Garage, W Saint Mary's RD,,Urbana,IL,61801,,,,,,,,,,,,,,"NOMATCH,UIUC000942,URU",,
,"Animal husbandry,hedden house", W Saint Mary's RD,,Urbana,IL,61801,,,,,,,,,,,,,,"NOMATCH,UIUC000801,CNU",,
,Animal husbandry hedden barn, W Saint Mary's RD,,Urbana,IL,61801,,,,,,,,,,,,,,"NOMATCH,UIUC000802,CNU",,
,Individual feeding barn, W Saint Mary's RD,,Urbana,IL,61801,,,,,,,,,,,,,,"NOMATCH,UIUC000810,CNU",,
,Animal husbandry sheep barn, W Saint Mary's RD,,Urbana,IL,61801,,,,,,,,,,,,,,"NOMATCH,UIUC000811,CNU",,
,Feed and mixing sheep barn, W Saint Mary's RD,,Urbana,IL,61801,,,,,,,,,,,,,,"NOMATCH,UIUC000812,CNU",,
,Feed storage plant, W Saint Mary's RD,,Urbana,IL,61801,,,,,,,,,,,,,,"NOMATCH,UIUC000815,CNU",,
,Concrete block feed storage, W Saint Mary's RD,,Urbana,IL,61801,,,,,,,,,,,,,,"NOMATCH,UIUC000816,CNU",,
,Hog and cattle weighing shed, W Saint Mary's RD,,Urbana,IL,61801,,,,,,,,,,,,,,"NOMATCH,UIUC000818,CNU",,
,Feed mixing shed, W Saint Mary's RD,,Urbana,IL,61801,,,,,,,,,,,,,,"NOMATCH,UIUC000823,CNU",,
,Animal science shop and storage-horse ., W Saint Mary's RD,,Urbana,IL,61801,,,,,,,,,,,,,,"NOMATCH,UIUC000828,CNU",,
,Animal science k-40 facility, W Saint Mary's RD,,Urbana,IL,61801,,,,,,,,,,,,,,"NOMATCH,UIUC000831,CNU",,
,Animal science farm equipment storage, W Saint Mary's RD,,Urbana,IL,61801,,,,,,,,,,,,,,"NOMATCH,UIUC000833,CNU",,
,Animal science ruminant metabolism unit, W Saint Mary's RR,,Urbana,IL,61801,,,,,,,,,,,,,,"NOMATCH,UIUC000832,CNU",,
,Henson Disposal,910  Saline CT,,Urbana,IL,61801,,,,,,,,,,,,,,"NOMATCH,911531200009,FPP",,
,Allied Waste - Transfer Station,915  Saline CT,,Urbana,IL,61801,,,,,,,,,,,,,,"NOMATCH,911531280001",,
,Emulsicoat Inc,1001  Saline CT,,Urbana,IL,61801,,,,,,,,,,,,,,"NOMATCH,911531280004,FPP,704",,
,Jehovah's Witnesses,1407 E Scovill ST,,Urbana,IL,61801,,,,,,,,,,,,,,"NOMATCH,932121381016,FPP",,
,508 S Sixth,508 S Sixth ST,,Urbana,IL,61801,,,,,,,,,,,,,,"NOMATCH,UIUC000243,CNU",,
,Speech and Hearing Science,901 S Sixth ST,,Urbana,IL,61801,,,,,,,,,,,,,,"NOMATCH,UIUC000209,CNU",,
,909 S Sixth,909 S Sixth ST,,Urbana,IL,61801,,,,,,,,,,,,,,"NOMATCH,UIUC000215,CNU",,
,911 S Siixth,911 S Sixth ST,,Urbana,IL,61801,,,,,,,,,,,,,,"NOMATCH,UIUC000214,CNU",,
,Band building-Harding,1103 S Sixth ST,,Urbana,IL,61801,,,,,,,,,,,,,,"NOMATCH,UIUC000004,CNU",,
,Wohler's Hall,1206 S Sixth St,,Urbana,IL,61801,,,,,,,,,,,,,,"NOMATCH,UIUC000159,CNU",,
,Education Building,1310 S Sixth ST,,Urbana,IL,61801,,,,,,,,,,,,,,"NOMATCH,UIUC000160,CNU",,
,"City, Of Urbana Arbor Division",901 N Smith RD,,Urbana,IL,61801,,,,,,,,,,,,,,"NOMATCH,912110151005",,
,Rainbow Apartments Urbana Leased Housing,1006 S Smith RD,,Urbana,IL,61801,,,,,,,,,,,,,,"NOMATCH,912115326012B",,
,Blager Concrete,1001 W Somer DR,,Urbana,IL,61801,,,,,,,,,,,,,,"NOMATCH,911531400036,704",,
,Glenn Poor TV,609 W Springfield AVE,,Urbana,IL,61801,,,,,,,,,,,,,,"NOMATCH,922117109003",,
,Hunsinger Enterprises,705 W Springfield AVE,,Urbana,IL,61801,,,,,,,,,,,,,,"NOMATCH,922117104005",,
,Zarbuck Chiropractic,711 W Springfield AVE,,Urbana,IL,61801,,,,,,,,,,,,,,"NOMATCH,922117104002",,
,Stone Creek Church,912 W Springfield AVE,,Urbana,IL,61801,,,,,,,,,,,,,,"NOMATCH,912107487006,FPP",,
,WA Holdings,1002 W Springfield AVE,,Urbana,IL,61801,,,,,,,,,,,,,,"NOMATCH,912107483014",,
,Engineering Sciences Building,1101 W Springfield AVE,,Urbana,IL,61801,,,,,,,,,,,,,,"NOMATCH,UIUC000174,URU",,
,DEMOLISHED 1208 W. Springfield - Uni Hig,1208 W Springfield AVE,,Urbana,IL,61801,,,,,,,,,,,,,,"NOMATCH,UIUC000150,URU",,
,DEMOLISHED 1210 W. Springfield - Uni Hig,1210 W Springfield AVE,,Urbana,IL,61801,,,,,,,,,,,,,,"NOMATCH,UIUC000278,URU",,
,Digital Computer Lab,1304 W Springfield AVE,,Urbana,IL,61801,,,,,,,,,,,,,,"NOMATCH,UIUC000210,URU",,
,Elec. Substation - Main Campus,10  Stadium DR,,Urbana,IL,61801,,,,,,,,,,,,,,"NOMATCH,UIUC008258,CNU",,
,Nuclear Physics Laboratory,23  Stadium DR,,Urbana,IL,61801,,,,,,,,,,,,,,"NOMATCH,UIUC000110,CNU",,
,Physics research lab storage bldg,23  Stadium DR,,Urbana,IL,61801,,,,,,,,,,,,,,"NOMATCH,UIUC000288,CNU",,
,Crystal View Community Center,102  Stebbins DR,,Urbana,IL,61801,,,,,,,,,,,,,,"NOMATCH,912108257124",,
,Phillips Recreation Center,505 W Stoughton ST,,Urbana,IL,61801,,,,,,,,,,,,,,"NOMATCH,922117126008,FPP",,
,"Gentry, Jennifer L",506 W Stoughton ST,,Urbana,IL,61801,,,,,,,,,,,,,,"NOMATCH,912108363019",,
,"Gentry, Jennifer L",508 W Stoughton ST,,Urbana,IL,61801,,,,,,,,,,,,,,"NOMATCH,912108363018",,
,Smith Apartments,604 W Stoughton ST,,Urbana,IL,61801,,,,,,,,,,,,,,"NOMATCH,912108363025",,
,Smith Apartments,610 W Stoughton ST,,Urbana,IL,61801,,,,,,,,,,,,,,"NOMATCH,912108363011",,
,The University Group,705 W Stoughton ST,,Urbana,IL,61801,,,,,,,,,,,,,,"NOMATCH,912108360006",,
,1806 cottage grove,809 W Stoughton ST,,Urbana,IL,61801,,,,,,,,,,,,,,"NOMATCH,912108355002",,
,Shlens Apartments,904 W Stoughton ST,,Urbana,IL,61801,,,,,,,,,,,,,,"NOMATCH,912107486014",,
,College City Apartments,907 W Stoughton ST,,Urbana,IL,61801,,,,,,,,,,,,,,"NOMATCH,912107487002",,
,Advantage Properties - CU,908 W Stoughton ST,,Urbana,IL,61801,,,,,,,,,,,,,,"NOMATCH,912107486009",,
,PROFESSIONAL PROPERTY MGT,1003 W Stoughton ST,,Urbana,IL,61801,,,,,,,,,,,,,,"NOMATCH,912107483006",,
,"Shlens, Miss",1004 W Stoughton ST,,Urbana,IL,61801,,,,,,,,,,,,,,"NOMATCH,912107482013",,
,Advantage Properties - CU,1005 W Stoughton ST,,Urbana,IL,61801,,,,,,,,,,,,,,"NOMATCH,912107483017",,
,University Group,1006 W Stoughton ST,,Urbana,IL,61801,,,,,,,,,,,,,,"NOMATCH,912107482012",,
,Campus Property Management,1009 W Stoughton ST,,Urbana,IL,61801,,,,,,,,,,,,,,"NOMATCH,912107483002",,
,Campus Property Management,1010 W Stoughton ST,,Urbana,IL,61801,,,,,,,,,,,,,,"NOMATCH,912107482021",,
,Green Street Realty,1011 W Stoughton ST,,Urbana,IL,61801,,,,,,,,,,,,,,"NOMATCH,912107483001",,
,"Shlens, Ed",1102 W Stoughton ST,,Urbana,IL,61801,,,,,,,,,,,,,,"NOMATCH,912107478015",,
,Bankier Apartments,1106 W Stoughton ST,,Urbana,IL,61801,,,,,,,,,,,,,,"NOMATCH,912107478010",,
,1108 W. Stoughton,1108 W Stoughton ST,,Urbana,IL,61801,,,,,,,,,,,,,,"NOMATCH,UIUC001114,URU",,
,Bankier Apartments,1109 W Stoughton ST,,Urbana,IL,61801,,,,,,,,,,,,,,"NOMATCH,912107479003",,
,Ramshaw Real Estate,1110 W Stoughton ST,,Urbana,IL,61801,,,,,,,,,,,,,,"NOMATCH,912107478008",,
,USPS Law Dept/Mcauliffe,3001 E Tatman CT,,Urbana,IL,61801,,,,,,,,,,,,,,"NOMATCH,912115226009",,
,EZ Lock Self Storage,3004 E Tatman CT,,Urbana,IL,61801,,,,,,,,,,,,,,"NOMATCH,912115226008",,
,US Post Office - Urbana Main Facility,3100 E Tatman CT,,Urbana,IL,61801,,,,,,,,,,,,,,"NOMATCH,912115226007",,
,Glescoe  Electric  Warehouse,3103 E Tatman CT,101,Urbana,IL,61801,,,,,,,,,,,,,,"NOMATCH,912115226014",,
,Glescoe Electric Warehouse,3103 E Tatman CT,102,Urbana,IL,61801,,,,,,,,,,,,,,"NOMATCH,912115226015",,
,Glescoe Electric  Office,3103 E Tatman CT,103,Urbana,IL,61801,,,,,,,,,,,,,,"NOMATCH,912115226016",,
,Allied Mechanical Office,3103 E Tatman CT,104,Urbana,IL,61801,,,,,,,,,,,,,,"NOMATCH,912115226017",,
,Allied Mechanical Warehouse,3103 E Tatman CT,105,Urbana,IL,61801,,,,,,,,,,,,,,"NOMATCH,912115226018",,
,Sticklen Insurance,3109 E Tatman CT,101,Urbana,IL,61801,,,,,,,,,,,,,,"NOMATCH,912115226013A",,
,Tatman-Hatrich Construction,3109 E Tatman CT,102,Urbana,IL,61801,,,,,,,,,,,,,,"NOMATCH,912115226013B",,
,Respiracare,3109 E Tatman CT,103,Urbana,IL,61801,,,,,,,,,,,,,,"NOMATCH,912115226013C,FPP",,
,Barbeck Communications,3109 E Tatman CT,104,Urbana,IL,61801,,,,,,,,,,,,,,"NOMATCH,912115226013D",,
,"Tatman, Paul",3109 E Tatman CT,105,Urbana,IL,61801,,,,,,,,,,,,,,"NOMATCH,912115226013E",,
,Panda Express,106 E University AVE,,Urbana,IL,61801,,,,,,,,,,,,,,"NOMATCH,912108405033,FPP",,
,Rainbow Garden,202 E University AVE,A,Urbana,IL,61801,,,,,,,,,,,,,,"NOMATCH,912108405038AB,FPP,LIQ",,
,PO' Boys,202 E University AVE,C,Urbana,IL,61801,,,,,,,,,,,,,,"NOMATCH,912108405038CD,FPP,LIQ",,
,City Girl Yogurt,202 E University AVE,E,Urbana,IL,61801,,,,,,,,,,,,,,"NOMATCH,912108405038E,FPP",,
,Magic Nails,202 E University AVE,F,Urbana,IL,61801,,,,,,,,,,,,,,"NOMATCH,912108405038F",,
,Great Clips,202 E University AVE,G,Urbana,IL,61801,,,,,,,,,,,,,,"NOMATCH,912108405038G",,
,Tricoci University,202 E University AVE,H,Urbana,IL,61801,,,,,,,,,,,,,,"NOMATCH,912108405038H",,
,Five Points Auto Bath,306 E University AVE,,Urbana,IL,61801,,,,,,,,,,,,,,"NOMATCH,912108427005",,
,Grunloh Construction,515 E University AVE,,Urbana,IL,61801,,,,,,,,,,,,,,"NOMATCH,912108480011A",,
,Emulsicoat Inc,705 E University AVE,,Urbana,IL,61801,,,,,,,,,,,,,,"NOMATCH,912109351021,FPP,704",,
,Shaffer Sanitary,714 E University AVE,,Urbana,IL,61801,,,,,,,,,,,,,,"NOMATCH,912109303012,FPP",,
,CU MTD/(tenant) CRIS Rural MTD,801 E University AVE,,Urbana,IL,61801,,,,,,,,,,,,,,"NOMATCH,912109351022,FPP",,
,AT&T Mobility,801 E University AVE,,Urbana,IL,61801,,,,,,,,,,,,,,"NOMATCH,912109351022A,FPP",,
,City Of Urbana LRC Bldg,1202 E University AVE,,Urbana,IL,61801,,,,,,,,,,,,,,"NOMATCH,912109401007",,
,City of Urbana Landscape Recycling,1210 E University AVE,,Urbana,IL,61801,,,,,,,,,,,,,,"NOMATCH,912109426004,FPP",,
,Moseley Brothers,1602 E University AVE,,Urbana,IL,61801,,,,,,,,,,,,,,"NOMATCH,912109403004",,
,Park 150 Mini Warehouse,1602 E University AVE,,Urbana,IL,61801,,,,,,,,,,,,,,"NOMATCH,912109403004A",,
,Brumback & Associates,2402 E University AVE,,Urbana,IL,61801,,,,,,,,,,,,,,"NOMATCH,912110354014",,
,Vacant,2406 E University AVE,,Urbana,IL,61801,,,,,,,,,,,,,,"NOMATCH,912110354012",,
,Environmental Solutions & Services,2406 E University AVE,,Urbana,IL,61801,,,,,,,,,,,,,,"NOMATCH,912110354012A",,
,Aldi Inc #91,3102 E University AVE,,Urbana,IL,61801,,,,,,,,,,,,,,"NOMATCH,912110407013,FPP,LIQ",,
,Lindy Lu's Place,202 W University AVE,A,Urbana,IL,61801,,,,,,,,,,,,,,"NOMATCH,912108402008A,FPP,LIQ",,
,Urbana Park District Admin Office,303 W University AVE,,Urbana,IL,61801,,,,,,,,,,,,,,"NOMATCH,912108376012",,
,Carle South Parking Garage,411 W University AVE,,Urbana,IL,61801,,,,,,,,,,,,,,"NOMATCH,912108361005A",,
,Carle North Parking Garage,510 W University AVE,,Urbana,IL,61801,,,,,,,,,,,,,,"NOMATCH,912108327010",,
,Carle Clinic South,601 W University AVE,,Urbana,IL,61801,,,,,,,,,,,,,,"NOMATCH,912108361005",,
,Carle North Clinic,602 W University AVE,,Urbana,IL,61801,,,,,,,,,,,,,,"NOMATCH,912108376021",,
,SARAH'S SEWING CENTER,811 W University AVE,,Urbana,IL,61801,,,,,,,,,,,,,,"NOMATCH,912108352013B",,
,Vacant - fka LTJ3 VIP Tours,902 W University AVE,,Urbana,IL,61801,,,,,,,,,,,,,,"NOMATCH,912107431014",,
,Pawn King,1004 W University AVE,,Urbana,IL,61801,,,,,,,,,,,,,,"NOMATCH,912107431011,FPP",,
,Campus Circle Comm UIUC,1010 W University AVE,,Urbana,IL,61801,,,,,,,,,,,,,,"NOMATCH,912107431026",,
,Faculty Staff Assistance Program,1011 W University AVE,,Urbana,IL,61801,,,,,,,,,,,,,,"NOMATCH,UIUC001091,URU",,
,Blood Bank,1408 W University AVE,,Urbana,IL,61801,,,,,,,,,,,,,,"NOMATCH,912107405014",,
,Akston Capital LLC,2012 S Vawter ST,,Urbana,IL,61801,,,,,,,,,,,,,,"NOMATCH,932121180006",,
,Campo Rental,2014 S Vawter ST,,Urbana,IL,61801,,,,,,,,,,,,,,"NOMATCH,932121180007",,
,Apartments,2017 S Vawter ST,,Urbana,IL,61801,,,,,,,,,,,,,,"NOMATCH,932121181010",,
,Athletico,114 N Vine ST,A,Urbana,IL,61801,,,,,,,,,,,,,,"NOMATCH,912108478015A",,
,Papa Murphy's,114 N Vine ST,C,Urbana,IL,61801,,,,,,,,,,,,,,"NOMATCH,912108478015C",,
,H & R Block,114 N Vine ST,D,Urbana,IL,61801,,,,,,,,,,,,,,"NOMATCH,912108478015D",,
,Advance America,114 N Vine ST,G,Urbana,IL,61801,,,,,,,,,,,,,,"NOMATCH,912108478015GG",,
,Xinh Xinh Cafe,114 N Vine ST,H,Urbana,IL,61801,,,,,,,,,,,,,,"NOMATCH,912108478015H,FPP",,
,Metro PCS,114 N Vine ST,I,Urbana,IL,61801,,,,,,,,,,,,,,"NOMATCH,912108478015I",,
,VACANT f/k/a Radio Shack,114 N Vine ST,J,Urbana,IL,61801,,,,,,,,,,,,,,"NOMATCH,912108478015J",,
,Pretty Nails,114 N Vine ST,L,Urbana,IL,61801,,,,,,,,,,,,,,"NOMATCH,912108478015L",,
,China Garden Restaurant,114 N Vine ST,M,Urbana,IL,61801,,,,,,,,,,,,,,"NOMATCH,912108478015M,FPP",,
,Emma's Eatery,114 N Vine ST,O,Urbana,IL,61801,,,,,,,,,,,,,,"NOMATCH,912108478015O,FPP,LIQ",,
,Bo Ric's,114 N Vine ST,P,Urbana,IL,61801,,,,,,,,,,,,,,"NOMATCH,912108478015P",,
,Classic Tan,114 N Vine ST,Q,Urbana,IL,61801,,,,,,,,,,,,,,"NOMATCH,912108478015Q",,
,Carle Clinic Human Resources,301 S Vine ST,,Urbana,IL,61801,,,,,,,,,,,,,,"NOMATCH,922117212024F",,
,Health Alliance Medical Plans 300,301 S Vine ST,,Urbana,IL,61801,,,,,,,,,,,,,,"NOMATCH,922117212024AF,FPP",,
,"Urbana, School Dis. No 4",905 S Vine ST,,Urbana,IL,61801,,,,,,,,,,,,,,"NOMATCH,932117402005",,
,"Urbana, School Dist #116",907 S Vine ST,,Urbana,IL,61801,,,,,,,,,,,,,,"NOMATCH,932117402006",,
,"Urbana, School District",909 S Vine ST,,Urbana,IL,61801,,,,,,,,,,,,,,"NOMATCH,932117402007",,
,Vinewood Apartments,1200 S Vine ST,,Urbana,IL,61801,,,,,,,,,,,,,,"NOMATCH,932117430014A",,
,Urbana Middle School,1201 S Vine ST,,Urbana,IL,61801,,,,,,,,,,,,,,"NOMATCH,932117402009,U116",,
,University Group,706 S Walnut ST,,Urbana,IL,61801,,,,,,,,,,,,,,"NOMATCH,922117264007",,
,Quality Living Properties,710 S Walnut ST,,Urbana,IL,61801,,,,,,,,,,,,,,"NOMATCH,922117264009",,
,Urbana School Dist #116,107 E Washington ST,,Urbana,IL,61801,,,,,,,,,,,,,,"NOMATCH,932117402001",,
,"Urbana, School District",201 E Washington ST,,Urbana,IL,61801,,,,,,,,,,,,,,"NOMATCH,932117402002",,
,"Urbana, School Dist No 11",205 E Washington ST,,Urbana,IL,61801,,,,,,,,,,,,,,"NOMATCH,932117402003",,
,"Urbana, School Dist #116",207 E Washington ST,,Urbana,IL,61801,,,,,,,,,,,,,,"NOMATCH,932117402004",,
,Cunningham CH Kendall Gill House,208 E Washington ST,,Urbana,IL,61801,,,,,,,,,,,,,,"NOMATCH,922117265005",,
,Huaraches Moroleon (seating area),1104 E Washington ST,,Urbana,IL,61801,,,,,,,,,,,,,,"NOMATCH,922116180005",,
,Vacant,1301 E Washington ST,,Urbana,IL,61801,,,,,,,,,,,,,,"NOMATCH,922116327011",,
,Vacant Urbana Food & Liquor,1509 E Washington ST,,Urbana,IL,61801,,,,,,,,,,,,,,"NOMATCH,922116401011",,
,"Quick Shop 66, LLC",1511 E Washington ST,A,Urbana,IL,61801,,,,,,,,,,,,,,"NOMATCH,922116401012,FPP,LIQ",,
,Coin Laundry,1511 E Washington ST,B,Urbana,IL,61801,,,,,,,,,,,,,,"NOMATCH,922116401013",,
,Metro PCS,1511 E Washington ST,C,Urbana,IL,61801,,,,,,,,,,,,,,"NOMATCH,922116401012C",,
,Champaign County Administration,1776 E Washington ST,,Urbana,IL,61801,,,,,,,,,,,,,,"NOMATCH,922116200006,FPP",,
,Urbana Early Childhood School,2202 E Washington ST,,Urbana,IL,61801,,,,,,,,,,,,,,"NOMATCH,912115151002B,U116",,
,"Urbana, School District 1",103 W Washington ST,,Urbana,IL,61801,,,,,,,,,,,,,,"NOMATCH,932117401013",,
,Southwest Champaign Place,115 W Washington ST,,Urbana,IL,61801,,,,,,,,,,,,,,"NOMATCH,932117401007",,
,Cornerstone Fellowship Church,117 W Washington ST,,Urbana,IL,61801,,,,,,,,,,,,,,"NOMATCH,932117401001",,
,Harvest House/Nasco Properties,702 W Washington ST,,Urbana,IL,61801,,,,,,,,,,,,,,"NOMATCH,922117158016",,
,Panel Tech Construction,116 N Webber ST,,Urbana,IL,61801,,,,,,,,,,,,,,"NOMATCH,912109353001",,
,Ramshaw Realty,702 W Western AVE,,Urbana,IL,61801,,,,,,,,,,,,,,"NOMATCH,922117104010",,
,"Vacant - fka Pines, Jonathan",705 W Western AVE,,Urbana,IL,61801,,,,,,,,,,,,,,"NOMATCH,922117105003",,
,Plant Services Building - Northeast,1005 W Western AVE,,Urbana,IL,61801,,,,,,,,,,,,,,"NOMATCH,UIUC000077,URU",,
,Engineering Senior Design Lab Annex,1011 W Western AVE,,Urbana,IL,61801,,,,,,,,,,,,,,"NOMATCH,UIUC000319,URU",,
,Engineering Senior Design Lab,1013 W Western AVE,,Urbana,IL,61801,,,,,,,,,,,,,,"NOMATCH,UIUC000162,URU",,
,Plant services storage building,1015 W Western AVE,,Urbana,IL,61801,,,,,,,,,,,,,,"NOMATCH,UIUC000163,URU",,
,Structural Warehouse,1017 W Western AVE,,Urbana,IL,61801,,,,,,,,,,,,,,"NOMATCH,UIUC000164,URU",,
,Aerospace Research Laboratoty,1021 W Western AVE,,Urbana,IL,61801,,,,,,,,,,,,,,"NOMATCH,UIUC001093,URU",,
,Engineering Student Laboratory,1203 W Western AVE,,Urbana,IL,61801,,,,,,,,,,,,,,"NOMATCH,UIUC001209,URU",,
,H P Gas Regulating and Reducing Station,1207 W Western AVE,,Urbana,IL,61801,,,,,,,,,,,,,,"NOMATCH,UIUC000185,URU",,
,Willowbrook Apartments,1605 N Willow RD,,Urbana,IL,61801,,,,,,,,,,,,,,"NOMATCH,912105477028",,
,A & E Animal Hospital,3003 E Windsor RD,,Urbana,IL,61801,,,,,,,,,,,,,,"NOMATCH,932127200015,FPP",,
,Stone Creek Maintenance Building,3004 E Windsor RD,,Urbana,IL,61801,,,,,,,,,,,,,,"NOMATCH,932122404004B,FPP,704",,
,Clark Lindsey Village,101 W Windsor RD,,Urbana,IL,61801,,,,,,,,,,,,,,"NOMATCH,932129200008,FPP,LIQ",,
,"Butsch, Joseph M.",202 N Wood ST,,Urbana,IL,61801,,,,,,,,,,,,,,"NOMATCH,912108384003",,
,Electrical and Computer Engineering,306 N Wright ST,,Urbana,IL,61801,,,,,,,,,,,,,,"NOMATCH,UIUC000409,URU",,
,Talbot Lab,104 S Wright ST,,Urbana,IL,61801,,,,,,,,,,,,,,"NOMATCH,UIUC000013,URU",,
,Student Services Arcade Building,715 S Wright ST,,Urbana,IL,61801,,,,,,,,,,,,,,"NOMATCH,UIUC000071,CNU",,
,Illinois Field Press Box (baseball),1605 S Wright ST,,Urbana,IL,61801,,,,,,,,,,,,,,"NOMATCH,UIUC000316,CNU",,
,Track stadium,1615 S Wright ST,,Urbana,IL,61801,,,,,,,,,,,,,,"NOMATCH,UIUC000304,CNU",,
,Dalkey Archive Press (PSSB),1805 S Wright ST,,Urbana,IL,61801,,,,,,,,,,,,,,"NOMATCH,UIUC000144,CNU",,
,Agronomy barn,1900 S Wright ST,,Urbana,IL,61801,,,,,,,,,,,,,,"NOMATCH,UIUC000840,URU",,
,Implement shed west of seed house,1900 S Wright ST,,Urbana,IL,61801,,,,,,,,,,,,,,"NOMATCH,UIUC000841,URU",,
,Agronomy seed house,1900 S Wright ST,,Urbana,IL,61801,,,,,,,,,,,,,,"NOMATCH,UIUC000842,URU",,
,Agronomy drying shed,1900 S Wright ST,,Urbana,IL,61801,,,,,,,,,,,,,,"NOMATCH,UIUC000844,URU",,
,Sheet metal barn,1900 S Wright ST,,Urbana,IL,61801,,,,,,,,,,,,,,"NOMATCH,UIUC000845,URU",,
,Sheet metal barn-usda,1900 S Wright ST,,Urbana,IL,61801,,,,,,,,,,,,,,"NOMATCH,UIUC000846,URU",,
,Sheet metal barn-soil sample storagebldg,1900 S Wright ST,,Urbana,IL,61801,,,,,,,,,,,,,,"NOMATCH,UIUC000847,URU",,
,Sheet metal barn weed lab usda,1900 S Wright ST,,Urbana,IL,61801,,,,,,,,,,,,,,"NOMATCH,UIUC000848,URU",,
,sheet metal barn ag engineering,1900 S Wright ST,,Urbana,IL,61801,,,,,,,,,,,,,,"NOMATCH,UIUC000849,URU",,
,Soil physics building-usda,1900 S Wright ST,,Urbana,IL,61801,,,,,,,,,,,,,,"NOMATCH,UIUC000850,URU",,
,Agriculture Services Building,1917 S Wright ST,,Urbana,IL,61801,,,,,,,,,,,,,,"NOMATCH,UIUC000326,CNU",,
,Agricultural Services Warehouse,1919 S Wright ST,,Urbana,IL,61801,,,,,,,,,,,,,,"NOMATCH,UIUC000329,URU",,
,Agronomy Sprayer Storage Building,2000 S Wright ST,,Urbana,IL,61801,,,,,,,,,,,,,,"NOMATCH,UIUC001040,URU",,
,Technology commercialization building,2004 S Wright ST,,Urbana,IL,61801,,,,,,,,,,,,,,"NOMATCH,UIUC000941,URU",,
,Woody ornamentals greenhouse,2500 S Wright ST,,Urbana,IL,61801,,,,,,,,,,,,,,"NOMATCH,UIUC000886,CNU",,
,Animal genetics pole barn storage,2500 S Wright ST,,Urbana,IL,61801,,,,,,,,,,,,,,"NOMATCH,UIUC000889,CNU",,
,Ammunition storage 1of 3,2500 S Wright ST,,Urbana,IL,61801,,,,,,,,,,,,,,"NOMATCH,UIUC000890,CNU",,
,Physiology research lab garage west,2500 S Wright ST,,Urbana,IL,61801,,,,,,,,,,,,,,"NOMATCH,UIUC000891,CNU",,
,physiology research lab garage east,2500 S Wright ST,,Urbana,IL,61801,,,,,,,,,,,,,,"NOMATCH,UIUC000892,CNU",,
,Machine storage building-agronomy, S Wright ST,,Urbana,IL,61801,,,,,,,,,,,,,,"NOMATCH,UIUC000838,URU",,
,Agronomy field lab-usda, S Wright ST,,Urbana,IL,61801,,,,,,,,,,,,,,"NOMATCH,UIUC000931,URU",,
,Aeronomy field station, S Wright ST,,Urbana,IL,61801,,,,,,,,,,,,,,"NOMATCH,UIUC001027,URU",,
,Agronomy farm soybean research, S Wright ST,,Urbana,IL,61801,,,,,,,,,,,,,,"NOMATCH,UIUC000991,CNU",,
,Agriculture /fpm warehouse storage A, S Wright ST,,Urbana,IL,61801,,,,,,,,,,,,,,"NOMATCH,UIUC001017,CNU",,
,Engineering warehouse storage, S Wright ST,,Urbana,IL,61801,,,,,,,,,,,,,,"NOMATCH,UIUC001018,CNU",,
,Engineering warehouse storage c, S Wright ST,,Urbana,IL,61801,,,,,,,,,,,,,,"NOMATCH,UIUC001019,CNU",,
,Acid rain field building,  Wright ST,,Urbana,IL,61801,,,,,,,,,,,,,,"NOMATCH,UIUC001003,URU",,
